src,dst
3038,6477
2300,6269
1532,7075
3530,5139
558,3225
1677,5455
2868,6893
2637,5929
743,4574
5548,7226
1956,2843
1006,6789
59,6300
2020,7193
1695,4099
4055,7532
6502,7237
3504,6403
2605,6890
38,1956
6965,7105
2967,4163
1524,6654
543,6640
1239,5725
1678,2326
604,6004
104,6884
4869,6972
4898,6419
2146,5495
3334,6146
5795,7082
3732,4507
1230,6415
625,1346
3020,6919
685,5564
817,2808
49,4000
4289,6778
2673,7484
2452,7237
469,5111
113,6695
285,1180
396,4431
2373,6891
854,4122
3653,6712
279,659
95,7352
4338,5715
1635,5277
2376,5580
56,2902
4180,6712
4999,6519
612,5725
470,3341
343,907
2550,3430
899,2624
1833,5308
1381,4759
3038,7200
1228,4381
867,4900
3462,3509
1082,2381
415,6022
3103,6446
3005,3920
2935,4525
368,1705
521,2056
1159,6404
244,3405
4704,6329
2591,6597
4952,6383
418,4850
2083,2326
4319,4323
2296,6914
2887,6514
6101,7481
3666,3880
1300,2524
568,2980
2089,2231
1973,5207
3747,7123
3039,6431
2854,3240
2524,3852
78,2194
342,4627
44,3597
1801,2341
5061,5481
1878,4840
4657,7256
609,932
407,7450
6991,7489
4743,5725
1738,7296
4676,6419
2259,4785
2433,7579
2181,7600
3128,6134
3117,6784
1571,7488
2647,3408
5597,7498
398,4317
5301,5586
1786,5722
846,7468
2566,7074
2581,4937
3240,6361
4039,6095
4935,7621
2844,6530
2892,3038
2979,3103
1027,5721
3594,3948
7001,7141
3118,6442
471,4653
887,3038
1468,1776
3755,4895
798,1725
1117,3120
771,6884
1742,6825
112,6782
2615,3664
5717,6789
524,7082
1850,2154
938,3470
416,3948
6391,7226
4955,7224
3565,7088
1529,3746
898,5454
6339,6567
3450,7401
6004,6378
926,5315
2197,5212
477,7597
4032,7359
5454,5890
5127,7199
2024,6496
2744,2897
35,2045
2994,5245
4360,7490
660,6466
219,7352
3346,7474
1250,3921
4453,4532
985,2745
3705,3984
974,1226
4888,5115
998,5178
1119,5578
5436,7314
667,6137
6724,7587
576,6436
647,1665
3649,5127
4356,7219
2157,3910
211,1665
4118,6797
4298,5274
524,4716
3130,6860
6120,6578
2523,3006
721,4243
3679,3853
3559,6712
4550,6883
1665,6519
175,491
2938,5065
1006,5090
2835,4180
4119,7224
1836,6068
2727,6396
164,972
5309,5900
2964,3724
1538,1887
3450,4125
2858,5769
2926,5274
6622,7244
2151,2849
2526,3450
1150,6567
1090,3530
2483,5132
2797,6462
1792,6412
3597,4086
2510,3768
2510,5342
6155,6201
1005,6983
1878,4786
4754,4908
4741,5274
113,6639
2183,4723
3530,4436
5759,6369
1402,1849
998,4723
1658,3360
788,792
875,2158
2424,6845
524,1268
5944,6644
2639,5949
1759,2993
1693,6266
2138,6759
4082,4455
5090,6105
1050,7098
5063,6633
3523,3755
4323,6267
33,1300
1,580
1488,6983
2896,7350
1850,5383
1558,5443
4295,4880
68,6101
103,6838
2694,4350
212,6512
4963,5580
1057,3748
307,3786
4438,4701
1746,5610
645,7275
13,5857
1281,6003
4692,5261
5414,6725
5405,7224
1498,5936
1664,4034
1937,5047
1933,5355
1293,6792
4733,6341
2260,3359
2798,4891
2158,5053
1381,7305
4025,7579
2233,3760
2666,2673
317,6884
360,3597
4990,5334
6436,6562
4702,4925
3597,3882
1793,2349
4927,6544
159,7367
4384,6109
426,4359
674,4356
4230,6217
1464,6524
2734,5769
659,2344
1795,3373
1347,4040
645,7416
73,1677
1216,2060
4146,4657
2211,5851
5212,5985
406,763
4309,7108
1486,5065
5465,6632
763,3047
4452,6648
1834,6347
1665,4561
439,4046
1817,6921
684,3891
2510,3335
2413,4656
3544,5090
70,4702
1563,3398
3855,7162
5597,7339
5207,6323
763,5556
5654,5675
2422,5989
647,7117
936,5203
3789,4555
806,1246
3566,6912
2991,3006
4785,5335
1233,6519
599,3103
1838,4754
321,3498
1658,3352
2892,7237
139,2645
1627,3565
692,3642
5087,5909
3530,5227
2193,6770
1006,1348
3544,5944
9,2660
3961,4809
815,3538
6146,6654
1611,6698
860,4380
6052,7199
2805,7160
1039,2798
3650,3873
3130,6519
314,4023
1611,6018
3039,5127
647,4000
378,2326
1713,4013
4480,4988
4775,6436
5534,6856
2637,2911
2504,6817
3408,3544
406,3397
3560,6105
907,5115
1736,6960
4010,6085
385,4879
2654,3172
2382,7032
1381,7460
3961,4086
3121,3341
816,3680
6378,7352
3400,4990
5988,6001
1584,4691
2014,4202
3227,6836
1160,5578
78,2060
3178,6853
2453,6727
6168,7398
1496,2841
5454,6244
3325,3569
1850,4904
1728,6638
3650,5663
1233,2955
225,988
557,7569
4321,6865
2149,3614
3942,5594
2452,3240
3056,5824
1108,5370
1271,3042
2045,2145
3399,6249
1689,6794
847,3081
296,3781
2738,4701
30,924
3203,4880
613,1698
2001,3418
2848,5556
4809,5363
4013,5367
1117,6167
571,3227
2026,3162
1520,5029
3405,4754
1646,2440
2462,5127
1189,1804
1497,3530
1177,2809
793,1806
4333,6495
645,2676
2163,4077
3279,5095
4061,4608
776,2347
5786,7021
2308,4728
4095,5543
2413,5534
4692,5274
104,2768
3269,3360
2708,4941
16,7435
2419,3415
4116,5640
1563,5309
406,7202
538,4146
1643,5488
1902,5686
821,7086
3948,7293
750,6419
4038,7090
4651,5935
3822,5065
1642,4783
2745,6732
7100,7372
3778,6757
3161,7237
438,7149
6561,6905
2435,5854
1337,4809
4335,4759
951,3504
1418,2854
645,6367
469,4910
6496,7181
488,3756
1763,6970
3948,4479
2998,7334
104,3486
2644,2798
3977,7601
226,2236
1878,3279
2734,6105
260,3189
2030,2854
1616,5454
167,4933
2262,2571
3984,6460
1250,6878
1883,7404
1316,5218
3616,4460
2037,2628
1151,5857
2775,7026
1184,1893
296,778
3411,7462
2774,7589
983,3165
2498,7595
2008,3468
3190,4531
916,4364
2722,6252
3348,4217
3839,5742
1310,3530
3662,7056
1039,7409
3597,4754
4467,5759
3737,5274
2414,7031
110,6712
3544,6870
1113,3413
474,4381
1471,4720
1135,3949
4530,6709
566,6441
4393,5454
474,2998
1799,6206
2160,2998
3983,7351
5136,6477
4378,7224
865,2180
6466,7600
5417,7599
1945,4456
5715,5791
654,3850
1698,7199
1114,3038
6016,6101
3440,3757
1325,6051
3670,6262
4883,7237
1271,4188
602,4205
4108,5717
1107,1327
448,4902
69,6101
6236,7558
2856,7135
2833,3802
2854,7229
6743,7324
2615,4180
6236,6607
1669,3916
2624,6617
2,4154
3460,5235
1065,2951
104,3536
1633,6640
3659,7282
3022,4528
3234,6411
2954,4751
1677,1878
3450,4163
2854,4690
1519,4718
1133,1758
3597,6205
1831,5953
3721,5927
5604,6110
6408,6427
1131,6888
3644,6108
3377,4606
721,1878
380,2791
5090,7127
3158,7015
4280,7074
3669,6105
4335,5090
4666,6455
865,6454
3544,6146
860,4437
1956,5443
4350,6115
2096,6047
894,1566
1141,3391
1721,5790
380,2094
4492,5443
5526,6733
1930,5981
49,6605
5790,5832
2096,6074
2237,2707
290,7532
1734,3325
854,4961
1578,3985
3829,4560
2998,7014
2229,6101
1016,4952
2892,5405
2725,4242
6684,7587
2867,3273
6,7128
4410,4719
3360,5510
1599,4506
378,3644
2094,4820
1149,2668
3123,3625
5378,6876
3760,6621
1662,3256
1434,3504
1376,5534
3833,6207
1941,4783
4595,5578
3873,4125
474,4175
2532,3071
4507,6077
3612,4593
1219,4777
2781,5725
1054,1882
2160,6612
3873,4254
406,427
2993,4102
1610,2243
1425,2966
4589,5725
5062,6891
675,7089
2705,6481
4109,5443
4544,6476
2329,4464
3757,7162
2146,2298
3715,4532
1941,2259
252,3377
4338,5060
3440,4087
2381,5543
1721,5610
2191,2424
1555,3701
845,4825
1098,2428
3469,7410
4455,5745
3266,6207
3807,6673
2778,5157
6874,7593
6,3079
2594,6639
161,5746
1799,5578
4126,5610
2569,6258
1486,5277
1650,6095
125,7615
416,3509
3103,4595
544,2510
4031,7106
1164,1338
4355,5640
2554,4234
1941,4999
3334,5564
2998,6201
681,3240
280,980
1396,7009
3208,6398
4298,7448
323,1384
715,2476
1672,6712
2022,2920
4931,5795
242,6044
488,2858
2141,6467
251,3538
543,907
686,7233
5127,7488
3530,4323
955,6884
3688,6020
1394,5561
4000,4098
3692,4452
5124,5769
103,4999
2123,5260
3195,4785
482,2854
673,2267
5962,6167
2979,5895
3530,4123
2673,6654
524,3213
2699,5513
1391,3109
1158,6710
2587,2615
1007,7237
471,4720
521,1721
1756,6232
113,3961
3557,5988
400,581
322,5011
2729,3538
1334,6108
4125,4387
5090,7118
5218,6477
1004,7237
4316,6920
212,296
3450,4452
1188,5897
5173,5671
4466,5278
5851,6911
3439,5454
6530,7107
4843,6891
409,5835
1268,6810
378,7575
3196,6598
2056,5610
2532,3450
3926,4065
3045,7334
2289,4235
866,3508
3569,3793
958,7607
2064,7362
524,5893
213,985
2292,2504
13,4904
2254,3504
860,1885
1271,6490
5227,5534
4729,4730
817,4765
2706,4600
110,1149
6,1284
702,2473
3720,5205
866,7406
1671,1921
1464,4517
2020,7162
885,5047
543,1594
2232,4260
1787,7359
5909,7162
2575,2707
5751,7028
5761,5893
3719,7219
4479,7409
465,5416
1663,2204
3920,7604
2458,2511
2160,7604
2083,3597
212,956
1149,6298
471,6427
6617,7554
3845,7256
131,5732
4020,4720
2790,4860
285,6194
1817,7354
840,1315
1628,2428
2299,6411
2534,7074
2229,6491
3530,4892
2484,7170
2787,7339
3103,4994
148,4778
112,3342
251,562
5402,7237
3282,3564
935,5454
1546,5663
4820,6405
5065,6709
4466,5394
2386,4847
1442,3596
2326,4900
6317,6479
4187,4330
647,1606
3644,3961
1973,3932
2253,3885
4337,7224
1019,1768
419,3571
2229,4985
110,3950
6337,7199
5568,5944
3073,7021
2991,5847
5476,5727
7014,7334
1468,7476
4888,7579
1752,2624
1380,6461
18,7185
3038,3228
3669,5402
1897,4229
1971,2673
2014,6031
1140,3747
2747,3548
2725,7490
806,4433
1464,7233
1960,4704
1804,5095
2125,5860
4254,7079
19,2625
1657,5106
2122,4806
2791,3968
6828,7156
3360,4393
1444,7339
4047,5914
7270,7442
2260,7522
1075,5475
290,6146
1637,4338
1531,3645
3845,5892
3162,6261
5703,6633
35,7035
2892,6787
2157,5687
2083,3081
6155,6476
306,6845
2933,6217
1909,4929
2301,6475
1497,7165
3853,4783
1207,4456
1689,5985
110,3399
2239,5264
5682,6973
952,3346
4086,6105
945,2120
1150,5505
3214,3672
5533,5758
2304,7032
3577,5966
1557,5101
1963,5851
313,4750
44,6870
2058,5463
866,6712
502,4785
18,615
2530,4624
252,1560
3530,4960
955,6747
5836,6272
2020,2299
5602,5640
296,6022
4469,6032
5322,7600
3324,5658
4356,6647
3653,5218
2066,3564
2178,2854
3832,4125
1376,3073
110,4860
1223,2037
1898,7028
1734,2613
1381,1645
1126,5120
984,5608
6789,7237
5240,6523
108,2616
5694,6870
1481,1830
1005,6446
2798,4967
54,4141
2734,4900
1281,2097
4330,5876
177,1145
2347,4478
1668,7487
1497,3450
2328,5851
968,3822
1792,2832
1304,1701
4560,7576
1471,6852
1937,4666
2607,7282
1568,6705
3977,5125
487,3479
2571,5097
5761,6217
244,345
6941,7534
3757,5324
3145,6558
5644,7547
2832,5876
3645,6678
1509,6958
5704,6684
5256,6242
4359,6407
5347,6476
1606,7226
148,1879
3632,7488
3158,5215
1718,1848
2468,6921
5458,6241
6383,7297
6272,7265
3991,5323
4433,6503
951,1760
7237,7589
1776,4396
1439,7553
678,7480
2083,2434
2942,6894
3530,6673
654,5292
4416,6369
11,1325
5769,7237
786,5196
2987,6979
3948,7444
2029,5209
611,1961
3845,5314
3108,3669
378,2452
1025,5053
2398,5816
1141,3853
846,3584
3744,4929
599,5725
1833,3852
2995,7142
3822,7020
951,1381
5457,7476
4925,7209
2985,3833
747,3683
192,1549
4904,5174
1691,3006
1219,6972
1840,6727
1848,2422
253,1469
2589,2713
5317,6205
3567,3995
5536,7237
563,7498
3130,5829
266,1956
2428,4212
1413,5658
492,2690
2734,3499
4167,4348
6275,6784
1836,2617
4961,7224
4167,7291
5674,7521
2669,6586
4986,5710
5962,7604
1952,3119
1689,4000
758,5845
1746,2414
3377,7141
2229,7225
5578,7416
4055,5747
3285,5098
4081,7345
3810,5851
1610,4330
2262,6792
58,2177
1464,6703
4648,7074
3210,6419
3189,3381
1117,4612
2972,3437
6616,6712
3926,6476
2066,7334
2144,5570
1590,6388
3208,6147
3450,3832
3400,3826
786,4448
2391,5127
1721,6575
4064,4910
3430,6222
3928,4983
7166,7486
1622,4527
3342,3667
1027,3937
6108,7075
498,5854
469,3580
1260,7541
1658,5526
524,4197
287,2006
1207,5963
1386,7192
2752,4825
1626,2897
3921,6262
2428,7600
3666,5646
1262,5543
5455,6424
1470,5465
13,3971
1620,7199
643,1849
1165,3141
2895,6625
4528,6633
3097,6529
1250,7199
2430,5926
2472,6887
2420,6002
1304,2194
1334,4086
290,5759
1450,4785
221,5663
542,3645
3352,3360
3440,6300
1348,6403
763,6666
4163,6054
4125,7423
799,5831
5384,5639
600,3045
4162,6311
3045,3282
5640,5908
1672,6217
1380,3643
4187,7581
6095,6940
1107,1844
5314,6408
4023,6206
3551,5043
78,4587
6485,6927
2130,3056
1370,4008
287,458
1901,4094
4900,7202
930,3103
1348,3882
385,860
1856,3116
1381,5556
3842,5080
2659,3404
2276,5078
6127,6241
406,6750
1793,6519
1904,5461
406,3333
4396,4931
5703,7284
110,2267
381,1910
49,2510
2328,4318
3492,5881
6378,7350
381,600
6476,7227
2177,5242
4341,5516
95,3855
1560,5857
2001,2498
4575,4894
4900,5238
1925,6794
2372,3330
1685,6175
884,3342
973,7262
1531,4523
524,1933
766,5455
4384,7199
1795,7199
2591,4593
3692,4165
290,3708
378,3240
4931,5683
1936,3649
3210,5956
2318,6429
821,4279
4527,5159
743,2734
3567,3787
2433,3584
1141,5793
4933,7022
2691,6256
3687,6547
1576,1887
6853,7052
2170,3813
5427,5677
4338,5918
778,6022
933,4261
983,6391
2955,3715
4985,6117
4860,6712
3081,6369
1506,3554
2158,2832
104,1046
215,4611
1376,6431
671,1378
2733,3817
4561,6445
4949,6946
2584,3811
3317,7607
6195,7610
2275,3450
674,5669
2320,3408
2586,3920
3584,7579
3215,6319
2538,6321
1312,5581
1555,6140
873,6989
1696,6847
4555,6235
1232,6876
2213,3659
110,2577
798,4393
3698,5862
307,4657
3836,5510
5323,6049
5472,7222
260,4095
2382,3530
1150,2229
290,3047
3224,5212
1795,2059
1127,3708
3423,6461
705,1794
381,5675
57,7349
112,4433
2973,7098
3432,6022
4239,7237
840,6911
3050,4785
2451,6798
197,5043
5701,5751
406,7237
2029,3240
502,2912
5253,7098
3100,5372
2191,4704
380,3081
4150,5274
1770,6378
3399,4728
2162,7143
187,5095
1905,3898
3181,4284
1584,3970
5557,5868
4095,7610
2145,6887
1444,2510
3845,6427
6187,6378
1903,3749
2889,5725
212,2217
212,778
4793,7372
1771,3112
1665,4337
4023,7098
1265,1710
4897,6357
2982,4904
2473,5441
824,2510
5838,7542
1999,2204
1799,5455
2014,3544
406,4086
2014,3165
3809,6390
1849,4932
2029,5866
1906,6641
499,3198
5227,7400
3807,5348
1497,7030
4788,6962
1891,2029
1486,7162
1584,1879
253,7440
3948,4967
3223,6323
1057,4847
3210,5454
4423,5095
6238,6242
5854,6077
6378,7162
2639,3888
2208,7440
2898,3162
1509,1677
2693,3673
4324,4338
524,3559
1792,5314
1424,7162
6797,7425
1430,3780
208,6145
2337,4949
1146,3434
1017,6931
1585,2235
3736,3977
27,6339
5454,7395
2267,7257
951,3961
888,5127
880,4129
321,7281
1888,3084
645,7435
2848,7237
6094,6895
497,2820
17,1334
1701,2194
766,6367
1846,7171
3647,4899
1462,1834
3715,6166
3508,6958
3679,5210
2344,3659
1553,3530
3162,4561
1222,1621
1642,5159
918,6911
2510,6705
3899,5324
2384,7028
1497,2744
918,4019
3336,6321
469,1389
496,6720
1528,3039
136,2466
5429,5699
15,3530
2923,4785
1851,6932
1381,5831
226,2289
409,976
2775,5127
1945,4561
2031,6296
3833,4676
1008,7352
1922,5036
6267,6888
5174,7141
1255,2206
212,927
3876,4502
2782,4780
290,380
2854,5489
290,924
3426,6421
1464,3795
1849,4128
2699,7488
2644,5370
161,2150
951,3165
931,4124
2631,6786
514,3463
2201,5370
891,4121
2476,7547
1213,5268
2996,3780
3430,5876
1147,5334
2428,3348
4235,4256
167,1462
4076,5167
1456,3900
837,1942
2238,3597
1410,4420
846,6652
2104,4562
2428,5128
5462,6797
789,2510
1354,6429
1129,5269
1139,6690
1876,5988
3227,7009
763,2476
3507,7287
741,3597
5633,6125
521,1960
49,3360
4525,4549
5580,7502
3162,3360
6160,7286
1555,3108
6519,7535
3750,4726
5455,6056
2980,5822
232,2897
2160,6270
1576,5763
5060,6940
3565,3699
110,813
2302,7470
4043,6519
1728,2013
2029,3397
4589,7080
2933,6818
900,2233
2848,6552
757,3741
763,6405
1207,5501
5604,7566
6887,7393
110,252
264,7100
953,4549
3977,5657
719,5267
898,7199
2248,3430
623,7123
1558,1879
1233,4309
5703,6361
4929,6836
421,5894
498,5866
3165,5530
3843,5562
1667,6621
3240,3882
5014,5065
1452,2850
1830,4037
3103,3932
2305,6519
1322,2028
1902,4903
2798,6130
6115,6131
3006,4478
5732,6298
3400,4785
4676,6408
3014,4338
2999,3956
3900,4163
2644,2673
1934,6862
6556,7446
5769,6841
3454,7416
2624,4673
5851,6811
4177,5825
1599,6860
1671,4986
1486,5909
808,4444
612,7225
3442,4452
4657,7294
3323,7579
1863,6792
2510,6131
1859,6468
1572,6755
3927,5875
1025,3855
2524,5455
1102,3303
854,4000
2289,3928
2805,5911
2617,6859
337,690
2196,6478
3632,6852
2577,5857
2268,4811
3929,5223
566,4165
1947,4309
4296,5635
6095,7304
3327,7442
3820,7554
524,1876
7351,7412
1941,6519
3347,5675
360,7237
3607,5461
1226,3125
1011,4521
3450,5687
1580,7052
397,4359
2430,7545
2639,4081
5108,5725
1107,3951
3410,3565
3450,3530
3047,5854
5486,6995
2225,3145
5647,6652
1937,6785
5533,6842
1685,6101
2946,6633
2995,5216
2892,4350
6353,6460
4900,5822
174,933
77,6752
1737,5527
2391,2468
2216,2372
4452,7381
763,7409
1107,2947
664,2825
1129,3240
4149,5268
2862,2895
1275,1751
4275,5245
2111,7248
817,2874
3923,3948
5095,5108
2261,7573
3,3381
358,3653
5457,6126
3549,4348
4548,6641
1372,3183
6056,6126
110,3502
1364,6259
2322,5168
2155,6054
870,1284
3855,4755
3418,5274
3360,4337
1054,1439
445,4257
3257,5169
5007,6436
903,6331
2848,7460
4106,4880
3592,4335
5454,6082
1934,2732
1608,3924
81,3498
3305,5158
2295,2700
524,5731
1051,5270
316,7303
3190,3972
1582,6595
3267,4354
777,3237
2838,6731
1674,4777
6514,7224
2146,2470
5443,5561
2399,3137
5561,5848
4535,6478
1776,6656
5719,6449
3748,4364
3141,3589
1152,6859
2676,4091
1093,6709
2083,2476
3022,3948
708,2854
4443,4978
3655,7256
3273,5371
1142,4452
266,5095
4136,7618
3220,5634
2391,3530
4525,4774
112,1534
2828,3715
2624,4139
5203,6887
4809,5556
4617,4819
2433,4164
3211,5240
4461,7237
3138,5001
1920,5797
2205,5455
4350,4549
876,4087
3013,5513
3342,6054
3550,7415
2707,5011
5595,6617
4187,6529
5419,6519
5581,7199
1639,6752
640,1937
5874,6642
1682,3039
2857,6004
2425,6415
1624,2347
582,1190
524,4031
392,4419
1756,6390
306,738
2699,3530
840,3893
3950,6812
1216,4632
4509,7199
605,2988
2438,4460
2743,4000
178,4393
4908,7414
3264,4069
5538,6577
4503,6151
2028,3853
702,1625
2083,5124
473,4467
136,2186
1958,5584
571,5173
898,5268
4279,7086
1327,4983
4280,5095
79,718
2490,5625
5307,6072
759,5658
3703,4719
2199,5988
744,2742
3722,7416
3389,5482
159,7074
1005,5658
2510,4417
4785,5493
5495,6160
3262,7237
5944,6639
4900,6792
166,4901
4908,5703
2157,5274
978,6474
136,2846
418,5653
2476,6193
16,5088
1300,7100
2083,7226
3265,4076
5308,5397
1644,1698
161,289
2160,3521
3722,5364
1057,5476
1488,3584
4274,5578
4452,5098
4873,5020
4931,5761
4637,5353
904,2145
1937,6862
41,3591
4938,7570
2497,4876
440,6898
2066,7215
6446,7435
959,7496
2903,5206
778,1014
6040,6550
1539,6256
1792,7256
2476,5530
3240,6234
6529,6633
4419,4602
4149,4249
2858,7237
6086,6785
3360,3400
1654,4527
1106,2854
1497,2897
4895,6315
1555,5124
983,2452
1882,4414
2434,3165
6673,7569
1107,7592
779,2744
4555,7086
1960,3430
3023,5561
1652,2510
1835,3390
155,5792
209,5703
5053,7015
30,3525
4636,5420
2170,2566
543,2737
34,2944
3584,4914
6416,6811
1232,3632
958,5706
95,4126
999,3110
5485,6062
2171,3039
184,6323
4961,5015
2038,4811
1563,3873
3251,7237
6519,7266
4877,4886
2144,2995
2040,3096
524,4640
5323,7595
6891,7075
1812,6929
2615,7533
3990,7224
146,3555
341,3585
6252,7106
4356,4447
2725,6105
706,888
5672,6084
5371,6836
1388,4425
2522,7541
1349,6101
1146,1570
204,6232
121,6905
3095,7457
985,4410
1348,3597
464,1953
3539,4599
440,3736
4024,6427
3044,4528
2615,7315
3311,5208
2653,3552
488,6891
494,6459
1689,5574
7213,7519
1300,3504
280,1008
4676,6991
2670,4021
4525,6094
2521,6083
1066,3363
3357,4811
486,2108
1893,4125
2233,3853
1054,1973
1154,2835
578,6644
1761,4246
427,5402
1626,4270
3869,4919
46,2414
945,6282
5532,7491
708,1935
1689,6682
3548,5377
2876,3240
961,6938
3575,4807
4069,7541
5335,6277
4086,6870
4147,6976
2807,6794
2637,5095
1921,6519
612,2229
3308,3336
4593,7170
1084,2318
1404,4735
5277,6299
2790,7141
4527,6860
2711,4888
1794,5857
167,3346
1876,2266
2083,2644
2300,5578
6234,7409
3335,5583
6047,6074
2034,5510
6047,6249
413,1486
4595,5242
1455,5670
6210,6854
524,5756
4990,6682
524,4195
1427,5764
4350,7224
471,7489
741,4135
3418,4724
1671,4527
2347,3632
4704,6222
2848,7548
1574,3441
1261,6378
1399,6365
1423,3153
894,4622
2126,4173
1928,3949
2081,7435
1895,2251
2774,5720
550,1677
873,3870
1973,4376
2390,5854
2020,5610
5564,6108
484,3873
3948,5370
21,5764
1598,3822
1571,3530
763,6234
1729,3962
1200,6538
5538,6562
5,5454
6301,6789
1731,5468
1033,7199
290,4202
3012,6272
5309,5539
106,326
2517,3853
4502,6054
5274,7400
1721,3822
226,6696
2160,3500
1185,7331
1684,3584
2289,2854
275,3298
4819,4846
112,2995
4427,5856
933,7110
318,1348
2056,3234
4259,5442
793,4955
1689,2509
877,6978
2354,4599
1132,4319
4050,7062
645,6424
1761,3152
1685,5616
2615,3694
3180,4033
1710,3654
1265,2123
3669,4467
3651,4470
517,7237
3247,6593
1388,4832
2648,2878
785,1276
1941,3715
3565,4994
2213,5813
3450,6855
3314,6477
998,2058
4967,5978
746,1879
1150,3813
1008,7369
942,4212
2221,6753
2428,6617
5632,6935
4602,4963
95,5224
1416,2912
742,7380
3499,4979
471,4146
1789,5956
1011,4356
2798,5688
847,6764
2634,5935
706,5315
1882,3350
2763,6467
4858,7154
5694,5769
1831,7237
1971,6654
1639,4134
1509,5988
667,3382
5840,6274
2096,6877
4101,6888
1006,2476
2905,5579
944,2798
5324,6419
2798,2980
167,4356
1137,2511
3544,3597
1902,3726
1986,7435
1973,2117
3221,6813
1645,5866
1972,6419
1233,5388
406,6296
5449,7029
4427,5638
2889,6772
1642,7608
1559,3946
3956,6212
645,4981
1776,3399
6446,7131
216,2039
4796,6495
4230,6725
2482,3530
4175,4612
743,5402
2959,2987
5713,6607
5526,5670
1842,7189
6712,7560
2520,5757
5972,7403
3544,6398
1586,3571
2240,5951
5769,7548
2510,6043
1831,2083
3708,4979
4561,4785
167,5377
4742,7486
1349,3414
4138,5580
5321,6275
4744,5887
2344,6552
4785,7114
4748,7442
3360,5597
3559,7533
3038,7224
688,1008
1384,5435
508,2157
1074,1838
136,3251
2256,3653
2896,3140
1798,4955
1879,5578
1890,7212
7141,7533
4182,6101
283,2804
3724,4625
406,1334
6313,7537
4480,7122
3738,6804
290,2089
2612,3272
4966,6463
5065,6733
846,2711
6772,7001
462,6617
739,3614
3946,6682
2994,7089
2803,6116
1272,1524
4785,6711
3979,6241
2021,5482
4162,5095
3450,4752
4463,6384
980,5939
5988,6712
1464,3905
3759,5377
378,5822
3377,6217
104,771
3119,7559
1293,5582
3855,4629
1879,3970
1314,5370
4261,6966
2892,5212
524,6298
3277,6896
4228,6101
179,1834
1039,7284
1805,4284
1851,7069
3999,7079
104,5281
3251,6870
5405,5597
1946,2361
1312,7595
4274,5532
4364,5754
3544,6891
1770,6004
5402,6105
4147,6446
226,2217
2860,5675
2216,4929
5394,5663
3141,4217
3296,7162
113,1325
4787,5213
4857,4876
541,6171
3162,3341
2897,7254
6315,6561
4470,5491
2878,3240
958,5158
1610,3855
440,5657
1348,1381
930,2368
1835,5300
972,2515
4947,6175
2384,4957
1279,2586
2476,5079
521,6378
375,5065
2693,2698
2242,6960
2547,6617
3061,6442
3450,5701
2961,7240
1635,3234
524,2885
5995,7162
4506,7301
1795,5562
3766,7033
2434,6846
631,2072
634,2447
814,1503
2361,3544
5471,6475
3758,4811
1744,2510
898,4149
1849,7618
3762,4811
1898,2624
4375,5274
683,3948
4900,7592
4931,5612
3514,4527
4979,6975
4335,5959
4840,5806
898,6441
2560,3493
2513,2591
3504,5854
640,4131
2073,7017
1410,2854
2094,6897
376,2629
1848,5364
1795,3181
813,1029
5127,6935
3530,5948
4119,6969
4739,4785
4033,5134
7075,7237
6505,7190
2277,6186
2676,5600
538,6637
1844,2947
1316,1995
1214,7226
145,5854
524,2538
2216,3744
131,1349
3120,7405
6145,6932
407,765
1555,5703
1102,3413
3381,5823
5332,7284
3853,5220
6337,7366
668,2257
149,5640
2966,6088
2260,4329
1639,3694
2068,5268
1128,6245
520,1737
6245,7602
1846,6642
645,3852
4121,5158
2028,3945
955,6475
1349,6446
6084,6160
3756,6193
1795,6341
3599,5962
960,1651
3136,5556
4911,6569
155,5624
1165,2473
360,6234
2541,6888
3597,7226
5988,6161
2056,2120
2615,7360
524,1639
4660,7352
1452,2711
3446,4324
3469,7405
1114,7498
1897,7199
1905,3858
5078,5570
3130,4398
1062,4811
3867,5211
3172,3321
3296,3855
1203,7110
1334,3165
3103,4814
4036,7251
3038,3747
2994,7569
4151,5635
159,1902
3432,3721
406,6789
6246,6256
3056,6862
3336,6712
290,2714
1630,5514
1950,4169
409,5194
3642,6163
387,7260
4335,7282
2401,5449
550,2626
1474,6002
36,719
2101,4544
1576,5949
533,7375
3737,4533
832,3450
3564,3920
2798,6789
271,3409
4162,6509
3030,4785
1725,3633
3780,6663
945,1892
786,5305
3630,4651
3418,6415
1384,3418
1730,7498
474,6757
3833,6427
1817,4728
1830,4846
2170,5725
4785,6166
2217,4906
573,5660
5072,5604
3929,6325
4502,5948
3216,5127
763,3397
2205,6424
102,2648
3344,5814
1319,4632
502,2259
1613,3597
950,5949
4473,5331
3079,5968
3108,6891
4229,5661
771,1296
2510,4393
1019,7237
1190,4359
710,1250
879,6538
3818,4422
2510,5597
2734,2798
6495,7220
1110,1795
3231,3440
1307,2505
2889,7001
4159,4336
4638,6369
3108,3544
1962,5785
34,4717
2419,2510
1462,5377
398,1316
5090,5944
6323,6672
5174,7371
3360,4151
1015,5677
2798,5090
4985,6641
869,7549
3342,4163
904,6729
4563,6295
3024,6101
1706,4335
1350,4614
4864,7614
4811,5557
1560,1933
1372,6950
3381,5969
1533,5781
5047,6785
3773,6519
2834,4040
4127,5112
3614,6296
1642,6860
909,5854
3183,5418
2039,5508
3888,4811
4341,5816
4900,5564
4132,4919
898,984
543,6440
212,5031
187,4973
290,3504
3652,5854
3081,7237
1057,5126
4554,7563
5370,6529
2013,3393
1523,4663
3411,5646
5837,6617
5377,7104
1349,3911
2998,3469
3321,3744
1180,3403
4785,6713
3589,5026
5982,6960
4105,4446
827,2609
1271,3361
1312,6436
2849,4003
4544,4612
449,4284
1320,2790
121,4033
1158,3711
1891,7425
1958,4931
553,6467
2229,3817
3809,4636
3701,5769
1943,3622
6838,7498
161,5706
349,1677
3974,6108
4901,7226
2745,5095
1222,4364
3799,5754
1674,4851
2040,2045
1794,6455
1140,6678
2476,7187
3530,3801
887,4000
335,4561
5176,7460
2359,6924
2103,7060
2344,5327
1009,4202
4886,5251
110,3056
3622,4388
460,7335
33,765
378,7226
2573,6917
1932,4593
5725,6016
2492,5578
3501,5835
2711,6000
831,3080
1391,5268
1792,7350
3160,3881
4236,6887
400,6649
5267,5723
3359,6773
1937,6217
2260,4274
33,2745
3595,7100
1945,3341
1677,4008
33,213
2122,4329
6572,7554
2891,6323
3802,5372
4364,5727
3544,5703
335,4456
1896,4328
2492,3502
4889,5637
5529,6160
2390,5564
5273,6258
4527,6280
538,6458
2108,5202
85,1689
619,3530
2140,3991
6134,7556
2892,7608
1050,4023
4809,5402
3632,4636
227,6613
1304,1725
5020,7592
3439,4314
3480,6219
532,1281
3920,4612
1122,5593
3836,3884
244,3597
4692,5404
6358,7028
848,6896
1921,6597
3826,3937
998,3469
112,2897
956,7054
2229,2952
4785,5159
766,1413
5731,5857
370,1940
907,6000
296,1014
766,1879
442,5315
3612,4561
106,2289
4125,4536
2930,5910
2731,7329
2232,3548
1555,6105
3557,6217
1906,2544
3752,7097
4451,6207
2470,3346
1937,3390
3942,5911
1971,2390
1193,2557
481,5718
1388,3900
1086,5159
216,6768
257,2938
2219,5114
3864,6616
4305,7583
5378,7489
2621,3947
4033,4941
1107,6528
972,2304
1509,5355
705,3308
774,2492
2420,4800
521,594
2173,2361
1888,5060
1724,1897
3597,6697
2318,5656
1055,4356
2186,3240
5892,7489
3364,4167
1799,3911
211,7301
6101,7105
3080,5445
4335,5854
20,4462
2992,4341
2160,3865
4901,7042
524,6812
2361,2412
3750,4895
793,3038
4206,6921
1109,4098
2136,3920
2560,5066
1847,6728
1657,3358
5738,7017
1027,1665
4941,5516
3530,5411
920,3663
3387,5866
6858,7159
1166,1610
113,5402
3450,5476
4992,6160
2626,6252
1316,3400
4760,7557
2751,5725
1519,5159
575,4627
16,4008
3970,5630
2436,3600
2519,2626
1879,5561
1180,6611
5314,5892
1389,5854
5206,6726
2777,5184
3341,7224
1724,6761
126,6562
5616,7416
5384,6477
6012,7158
2646,7317
2017,6408
2267,4617
2775,3450
4044,5413
1627,7470
6495,6696
3450,4275
1230,1384
2085,6252
368,6859
6519,6891
2326,2452
7012,7237
2473,3450
2229,4572
611,3839
1796,3743
723,999
1011,7030
595,5514
3926,4356
1002,2421
1195,2095
1222,2498
763,3499
817,6450
2233,4785
217,5547
2560,5258
4624,6199
1792,4193
2734,3165
5130,6640
3342,7423
2637,6113
3544,6403
998,6255
502,2418
667,6341
4600,4929
733,5426
889,3530
110,1875
1447,1937
6024,6508
1849,3652
1262,1553
4000,4561
1365,3584
3377,7001
1334,3961
2170,6800
3566,4919
246,632
1300,5095
553,6142
58,5578
2428,4217
4468,6391
2391,4422
1422,7178
3075,3136
3980,4572
4886,4996
3757,6709
4934,7162
1264,7237
5706,7079
1689,6445
1937,7536
6378,7015
2349,5419
5876,6187
2713,7308
5246,5844
3921,6520
5835,6478
209,4135
5253,5714
3162,5475
1725,3503
6633,6891
2045,4246
4606,5857
3581,5550
1488,5110
1739,3653
307,6480
3544,5110
270,5169
5334,5768
5586,6466
2706,7086
2391,2897
720,4916
1525,1698
2340,5242
5817,7269
1133,6845
1898,5706
343,7579
2995,6955
2128,4879
2334,7024
1727,3793
4859,6016
1088,3343
226,4304
3875,4324
3158,6305
471,2017
3282,4612
1403,3578
1689,1808
469,5097
933,6617
2713,5557
524,1447
3131,4738
2326,3240
4102,4587
2691,6180
1555,2571
4259,4552
792,3836
166,1143
2941,6925
400,4754
1250,3713
7270,7339
911,7032
3632,5378
3056,6712
105,5581
2691,4933
1592,5800
2974,5006
527,4147
2327,3720
4479,7218
4785,4971
2723,4822
1271,4561
2738,6065
407,5895
5900,7381
5315,6095
2848,4365
688,4785
4623,4796
5455,6126
414,5984
3397,4086
4709,5940
667,3082
1346,1952
3410,4994
434,6363
718,4624
381,7334
3047,6789
5724,6418
1891,5769
2042,5674
1606,6081
836,3853
3650,6436
3108,5530
1211,5883
2029,6695
106,1327
945,3855
2037,5174
2751,6323
983,6618
6261,6514
1945,7535
4512,6941
474,7334
1310,4678
630,2830
1766,2014
2988,5441
3905,6765
241,667
147,7336
1998,4759
4483,5516
2596,2707
5325,6751
1018,4069
1799,3306
2167,5807
1447,3694
5110,6441
2693,6126
1534,2276
3530,7487
4643,7383
1216,4925
4512,7534
2238,5703
1497,4125
1982,4449
5426,6954
5090,7075
1251,5580
4452,7569
2530,6273
4348,6084
1424,5676
1168,1545
5335,7535
879,1297
75,7079
3352,4990
6697,7237
793,1658
3400,3705
797,3117
5485,6424
1265,6084
4298,6118
2507,5963
4086,6032
2199,5575
4523,4804
190,6085
3986,4563
1402,5663
3454,7491
982,6648
2673,4108
2211,2328
4908,5416
645,3911
1937,6323
853,5343
2711,3897
1468,1933
3725,4006
110,2835
4079,7507
49,7224
429,6065
1275,3304
6206,7098
1673,4572
266,1804
6101,7399
406,4360
1643,6365
291,4008
2140,7595
2401,4903
136,6037
458,3889
257,2158
5988,7315
233,6036
2357,3413
1,4257
427,5124
718,6015
2707,3335
1202,7328
4747,6787
3905,4579
1933,4770
2510,3278
2897,6054
3130,7507
5556,7391
2998,7623
2004,7078
758,4955
1349,2719
5454,7615
1830,2927
2328,5764
4791,7126
5121,5334
360,1555
730,6897
312,4934
5274,6577
2524,6544
3830,5167
4608,7224
4359,6412
1039,1831
6859,7530
805,3108
2229,6776
3588,4497
951,7430
1111,1891
4001,4251
4163,4782
3130,6491
1973,2745
2132,7381
2015,2614
3163,6058
2429,2647
6330,6373
984,6341
3748,6471
2184,3859
3780,5443
1284,1492
2529,4957
2368,5725
1677,3565
4931,5355
4123,4515
2100,2326
4819,7390
2096,5848
68,3279
1170,5222
1698,5700
1512,3387
2705,6478
5653,7001
563,4112
378,473
3701,5866
1381,7548
1349,5615
2349,4999
380,6105
1573,2244
1471,7256
3032,3334
524,4180
1000,6629
3953,4642
335,5593
78,1216
1474,2170
2083,6326
1101,1821
5308,5455
4220,6636
275,4992
2096,3080
4811,5422
5964,7199
1317,2289
2645,6727
4301,6668
418,1956
197,5744
3080,7173
6697,7305
301,4712
139,6800
1434,2846
4574,6585
3530,5274
6546,6812
1937,4230
4000,4337
1606,6597
4211,4880
2258,2557
2933,5988
4570,4589
2994,6218
1467,1554
2103,5267
415,6186
212,2145
378,2737
1497,3667
3809,6172
6617,7366
2629,5876
3346,4155
1222,7351
1559,5141
6567,7235
801,3409
2430,3432
2390,4520
3030,4527
3446,4338
596,3211
5335,6330
1352,3073
706,6505
1728,6046
3352,3400
4880,7089
2991,7615
3636,5468
5865,6443
3610,4811
7402,7601
1130,3145
5783,6016
2892,4119
4890,6292
113,2031
2818,5768
2326,6870
596,6523
3469,3500
5461,6478
3584,6913
4350,6025
1222,1870
1348,4754
6108,7507
6369,7237
5993,7256
3341,5484
4785,5011
4986,6487
3341,4561
1008,1166
2553,2691
933,7205
1977,5991
370,7100
3440,5610
2897,6057
5198,6241
6802,6842
6529,7162
54,3300
2734,6140
2617,6068
211,1658
5854,7414
405,6252
1466,1824
2698,3673
3128,6207
4656,5061
213,5108
671,2514
2304,2705
346,4260
619,4298
163,4708
2,5179
1113,2357
1719,4102
2072,7339
3039,6258
1571,3450
4785,6487
2600,6583
1396,6190
951,1779
4811,5619
1835,6459
5790,6408
301,3701
2194,3520
2140,6390
3417,4549
3650,4125
2707,6330
4327,4589
2902,5340
1763,6021
930,6016
4298,7400
102,5433
13,6712
625,3638
7215,7334
5751,5894
1238,4914
1005,1349
667,5968
5127,7587
1107,2289
3756,5063
4098,7601
4351,6496
1497,5411
1863,2452
1158,2834
1377,3725
5597,6089
1458,1835
3080,6672
243,2706
2330,3181
5255,7378
708,6293
112,3450
3165,3597
3144,3584
955,4256
3227,6190
467,5600
1437,2617
221,787
3954,7139
4520,5369
4006,4224
5353,5735
1799,4023
2016,6882
1575,7536
1384,6973
2368,4572
885,3390
2823,5139
1831,5124
3240,3499
2045,4796
4718,5159
426,6577
3450,5205
6207,6991
933,6154
2251,2833
411,5711
1937,2668
2371,7355
3598,6662
1150,1804
169,7583
2396,3647
5314,6207
3264,3657
550,3898
6877,7383
306,3992
3240,4910
437,6965
3450,3790
1409,6505
4720,7256
688,5876
1222,4922
3822,3833
666,1668
3571,7584
5781,5918
1474,3932
935,2854
1502,5797
4180,5988
1872,4324
2191,5815
1065,3290
3922,3984
6915,7341
5534,6620
951,1067
2083,2421
147,6767
2995,3058
1795,3969
4018,5713
866,1468
2385,4359
1849,6766
889,4948
1065,6617
2083,6105
5218,7339
4126,5324
1497,4163
6290,6810
2204,2892
2151,4520
1905,6544
216,5851
4703,7078
4525,6414
1689,2818
4318,6911
3039,5718
4106,7488
4392,4543
1146,4095
4825,4951
3450,4106
2014,3108
3905,5383
2015,4860
524,3502
3852,5457
541,5527
2416,5427
1293,3251
110,1223
290,4520
817,7618
4298,7618
1677,3852
4457,6005
2001,5274
4313,5006
1312,6576
2042,6558
955,5283
600,1344
122,4945
98,5534
1937,3336
2933,3508
741,3165
752,3584
5776,7292
1384,7462
1677,1799
3131,5136
1799,2566
3334,6391
2160,6167
1232,6207
1312,6572
2014,3948
3187,6519
2515,6955
3163,6046
6365,6982
2123,4476
1050,3905
4574,7353
894,3038
5060,6198
140,5543
6913,7381
2221,2673
1929,4031
1733,3544
4165,7199
5521,5581
1611,6147
763,6205
4590,5120
3289,5817
1349,7416
5760,7549
5909,6419
3130,4039
5857,6073
5593,6803
5126,6241
1300,1738
4720,4898
1891,6665
1721,3158
575,5303
1426,3324
16,3103
5832,7352
187,5640
2775,7488
1480,1776
1150,7416
1763,4705
5371,5375
1468,6074
4788,5776
2267,4784
113,427
2725,3597
349,3852
5337,7170
35,6747
4126,5236
3486,3536
4011,4735
3213,7064
1721,5876
1665,5334
1256,4536
4811,6189
2761,7563
1985,5377
3962,7584
550,2396
2597,6077
3499,5479
2734,5124
2190,7273
3519,6648
6544,6754
1072,5006
3349,5583
1012,1645
584,6341
139,7274
2846,6554
112,232
5993,6458
540,6577
3418,5261
1803,4297
2188,2805
5308,7383
544,4006
3336,6616
778,4902
550,2122
1319,1642
1007,4563
775,3466
2177,3080
478,3755
48,7213
2910,7147
484,7368
2699,4163
1553,2288
378,6296
2259,6330
5578,6101
1314,5079
3698,7368
329,5859
3340,5200
1671,2862
3597,5548
1005,6126
1316,1373
760,2545
2835,2933
6134,6609
4356,6524
1093,6593
187,6069
319,3297
1917,2023
5754,6127
1107,2458
4338,6470
256,3325
2691,5668
3039,5274
1381,5568
4206,4900
1425,3517
3108,6140
166,6126
1849,5680
27,6396
4955,6906
4079,5854
1693,5215
1150,2600
1522,5817
1179,2234
3822,4522
2583,5274
2244,4512
3450,7595
1137,2145
970,4460
14,6438
3495,4531
4869,6565
1357,3959
1555,3397
540,5560
1005,6567
2647,3592
1973,1986
290,6108
4298,5127
2366,7170
56,3008
218,6772
2472,6475
3218,7237
1725,6043
1481,7216
3463,7601
1841,4816
1689,6255
539,4985
1852,2626
2637,3410
1381,5403
7005,7170
5720,5897
3285,7368
6506,7595
3597,6764
4444,4721
759,3588
4359,7595
2386,4301
1924,3251
290,3240
1223,2015
1228,5178
1264,5079
2892,7224
3090,5387
70,2707
743,4809
2838,4104
970,1627
2008,5049
2870,4891
2260,3855
3509,7301
3426,6853
3454,7191
3667,4095
2071,5893
641,5755
1741,4042
1504,6551
2008,5597
2299,7317
1631,4453
216,4447
673,4213
4270,6888
1262,3833
6476,7405
4240,7226
1347,3239
1174,5866
1319,2707
2806,6884
1917,3908
3613,6141
6164,7303
3680,5540
1967,6105
6207,6852
6873,7339
4127,4141
5174,5988
4091,5308
2096,6323
765,5725
5499,5538
2405,2583
1223,4904
1328,2814
1281,3400
828,7242
876,3440
6519,6803
6427,6770
1543,6105
6682,7224
845,1529
2470,6256
2889,6564
1334,3108
2420,5207
1850,4434
1531,2694
1827,2512
3912,5159
736,5948
4034,6490
29,7579
221,3450
3737,6562
2217,2511
6958,7141
894,3042
1795,2827
4393,5526
4120,4335
3400,3612
1001,1920
1689,5884
258,2497
3137,5177
1089,4834
2418,3208
283,2781
1875,4356
5065,6065
3404,4330
1402,3342
5355,6866
3418,3991
154,4042
1391,6564
4093,5545
2452,4809
4085,5835
1041,1339
2972,5324
4126,6357
6283,7549
4477,6972
4338,5980
5063,5582
3578,4734
3948,5147
5290,5894
296,4906
18,5139
5426,5984
3103,6273
3890,6537
6514,7498
3367,3948
2641,4163
547,6104
1100,2823
1418,2661
4843,6105
1638,5514
187,999
1477,7427
1792,1950
203,229
917,1470
3950,6712
184,2177
2207,3594
1902,1933
3528,6136
5527,6154
341,5632
711,1261
4595,6831
4009,6350
16,6544
1207,1559
6219,7490
1636,3833
1299,3905
1934,1937
4720,5892
4283,5011
2499,6712
27,1896
1381,5854
2637,6424
2279,7549
473,763
380,6036
4648,6483
228,6022
870,3703
4631,5359
3647,4248
3210,4208
4621,4871
807,2805
3833,6148
3452,6732
2626,7131
1995,2018
763,5124
599,1300
2206,5680
213,5095
4438,7256
2233,6280
933,3158
1515,4810
1902,6175
4536,5687
1945,3360
1937,2199
1796,3660
2414,2506
1312,5127
1902,7406
3610,5441
1280,6870
2201,6707
1711,4038
4433,7089
1230,5527
5907,5952
858,2204
3530,4270
718,1646
111,5961
1320,7141
244,1376
4793,6972
2029,7398
3922,6490
252,4904
2605,5770
3826,4561
3854,5534
1486,1610
1510,3137
73,4091
5915,6912
1601,1865
1612,7237
2050,3170
5703,6105
958,6262
3759,7534
1911,4809
5505,6323
4086,5090
623,6794
1654,3520
5274,7564
2036,3430
6379,7604
571,4033
4632,6519
3389,5578
2180,4785
306,2299
2838,7475
1902,4460
2415,5164
3670,6163
3245,3880
1088,6252
1642,1793
252,6958
3854,4771
1008,3430
1799,6367
4860,4904
3325,4546
6893,7219
3165,4242
438,2433
3968,5694
828,2559
1150,1506
4000,5220
3882,6695
5935,6724
3504,3597
1721,6352
2160,6500
3410,5455
1539,3759
1078,7100
3822,6463
1506,5112
2641,3530
5126,7502
2580,5095
1087,6116
5455,7435
2840,4880
5454,6432
4125,5245
6217,6818
4989,5202
402,4738
1633,6000
116,4701
1524,2673
2905,4393
1589,3856
1725,2892
1166,2938
4710,6175
1677,2295
6811,6911
977,2755
1046,4671
5204,5425
3268,5207
2745,3103
1921,1941
3073,3737
1476,2029
2259,3400
6112,6638
108,3826
1271,7090
3612,5963
1292,3647
3184,4319
290,6797
2510,3725
2624,6530
2143,6019
2244,7534
3742,3757
3701,4967
2805,4284
4636,6268
2240,3351
203,4538
306,7162
1447,1560
3853,5015
920,6509
240,3530
1795,5968
306,682
915,1563
4777,7585
226,1872
1872,6515
141,3446
3185,4757
1689,4915
1853,2386
4125,6899
1471,6408
374,1700
2321,7302
3223,7100
313,1345
3389,5553
1230,3596
1346,4650
2970,3378
1873,2853
806,6940
1786,7045
260,3650
543,3072
1794,2614
2077,5249
3616,5108
2347,4636
747,5610
104,2943
2326,6140
253,2117
453,6241
1326,2424
1316,4561
4303,7621
80,6171
2956,3853
6663,7223
2624,7497
1509,1933
3109,5386
3062,3141
6456,6806
929,4506
3806,7553
5104,6487
772,5455
6785,6812
1721,2056
2787,5200
5906,7244
2031,5530
112,5734
2132,2874
4785,5905
4414,6835
2723,4976
184,3932
429,876
2014,2725
565,5988
1983,6436
599,4954
4531,5898
2868,2973
504,4211
4651,6063
4785,5313
4338,4671
3544,6666
5988,7001
1626,3818
3227,4033
3210,6134
4888,7287
705,4931
3461,4494
1756,3432
2897,3900
244,2685
1937,6736
1250,6708
1741,7513
4557,5222
1302,7100
2725,2734
2795,4241
577,3903
2391,3285
1499,5085
1381,2734
621,1665
1381,5090
1481,2566
6038,7076
1304,7123
1624,6070
5159,6459
1555,3544
2626,6479
2843,7435
1826,7605
842,5793
1207,6013
5414,6287
2639,3739
1384,5646
932,6118
5059,5955
504,3873
6361,7414
2854,3010
732,4312
446,3341
6891,7398
2322,2510
2510,6881
1436,2337
3672,7122
1005,1289
4104,6652
5099,7302
6823,7296
2160,7405
1312,2224
2691,3582
1898,3450
1792,3632
2302,7100
299,666
2846,3198
380,6841
384,4456
429,6661
484,4452
4762,5632
2456,2600
1913,4115
4919,6552
285,6970
2639,6431
1312,5274
7226,7237
244,451
2878,4792
6316,6432
2784,7588
524,705
2840,3450
2221,6318
5065,5074
6538,7551
1942,6781
2056,6299
47,3833
3405,6891
7080,7100
4931,5174
3247,5102
876,1842
174,5074
1665,2912
3611,3614
1956,2889
1555,2858
1677,4394
6366,6460
110,6410
7028,7361
3130,4785
283,1627
1661,5127
1169,5127
3584,7008
547,6377
2280,4365
6004,7015
1618,6197
1150,2745
2204,3990
4684,6163
558,3991
380,6326
4221,4811
3431,6082
1041,2142
220,3807
1209,6593
685,1270
1316,6756
5169,5454
5578,7085
4198,4837
887,7563
2151,3544
2744,3450
1817,5857
993,7362
1592,6083
2734,5402
1310,3381
3564,5132
418,4146
6217,7406
112,6648
1804,6016
3405,6142
922,3173
2637,7100
1349,7476
4671,6009
1678,2522
524,6092
1414,7365
2896,5526
2289,5834
2047,4563
3192,3937
4000,6094
2574,5751
5413,6369
5394,7587
1307,3792
2026,2892
296,2854
5245,5274
473,3108
1334,6792
2085,4860
1267,1857
860,7207
471,1536
779,5245
2892,6115
2201,5387
5454,7339
4257,5595
1384,5278
1598,2020
1793,2818
1157,3957
4146,5425
4609,4800
2988,3666
894,3747
1849,6095
2566,6101
151,3056
1693,5876
3571,4589
2744,4502
3039,4387
1254,3259
5065,6378
406,3251
1688,2470
32,1312
1326,2158
1674,6369
3900,6046
2456,6330
2422,6015
5646,5894
5532,7403
4146,5277
4038,5210
5110,7112
2544,6446
5454,7482
1103,5802
1618,7044
28,7224
3360,4549
1650,4536
3435,6078
104,522
763,2014
1795,5153
125,2991
1300,2745
2862,4769
2892,3269
951,6891
1613,4908
3410,6126
757,2924
4324,7232
214,7021
6147,6618
171,374
2014,5494
291,2162
5725,6101
647,3715
1935,2193
2275,3530
4305,6252
1154,6958
3075,6363
4927,5455
2194,7464
667,2747
1694,4002
5687,6267
1317,2234
1956,6367
6371,7513
638,4125
2510,7525
3650,4536
543,4338
2260,2996
843,3450
758,1725
661,6991
6712,7533
18,3820
2029,5854
1174,4338
3918,6940
894,3420
178,3042
884,7488
372,2510
3715,6237
1317,6747
2308,3399
7107,7226
5346,5895
2859,6617
3793,5605
594,2414
2399,4423
4966,5935
2452,6105
1326,6222
2476,5769
2502,6636
7,6931
2787,4000
7072,7237
1129,3165
1945,3400
2586,3564
2344,2418
1180,4154
4042,4466
3544,6108
2452,6391
1571,6112
3786,4720
567,3701
1053,6190
3439,3958
3136,5876
360,406
2744,4125
5939,7031
81,1393
2488,5327
4266,6946
5530,6105
2640,3667
4709,5663
4032,7427
618,2361
3360,3937
91,1345
3049,4307
5139,6786
408,4785
1296,6009
2878,4900
3817,4376
3845,6991
2045,5918
1626,3900
1348,6105
524,2614
7080,7359
3079,6180
821,4300
4296,6108
1792,4842
6633,7444
1150,3726
366,1795
5269,7414
1937,6001
661,5378
1602,3127
5918,6887
2876,4665
1285,2391
2001,3807
221,4422
1441,5510
3400,5334
817,1868
273,4125
2432,4371
2711,6652
3756,5817
5095,5783
141,2369
3644,4809
3701,6236
4811,5441
299,4216
113,763
1635,6411
1929,3193
16,3410
3108,5769
1947,6912
4969,5658
2159,6129
1008,4126
3499,5703
4688,4719
502,1651
5864,7488
2414,2857
1401,2844
2892,3725
2765,6194
3348,5646
2504,4714
4811,6596
5766,7432
4506,6519
1282,1616
1594,2741
2776,6119
2734,4377
2335,4745
3544,5556
1150,2698
4479,5713
4994,6446
4000,4614
140,5632
6108,6792
4722,4811
244,4563
4176,5233
2354,3112
1937,6565
2357,2580
106,2458
3861,6864
856,7532
3360,3725
3670,4261
2713,6673
3056,5857
5335,6443
110,7533
1271,7498
2083,5079
1693,3822
2613,5623
4995,6337
1937,3694
1567,4233
2401,7403
889,7228
232,3450
1381,6857
3751,5454
1626,4536
1663,2510
6445,7083
255,6409
2031,4851
358,1556
959,6093
1689,5236
1464,5667
441,4298
6356,6633
5236,7015
427,1555
4995,5660
763,6797
5319,5447
683,7237
1600,7604
3342,4452
1937,2577
3157,3360
414,6059
6940,7587
5683,6290
1956,2021
2980,6649
3861,5628
5993,7489
382,6129
3079,7340
3189,7448
5918,6890
2204,4309
4676,6967
5127,7366
4570,5757
1945,4593
2854,4941
3855,4126
258,1964
5794,6118
3528,3585
4968,7435
1935,4241
5502,5653
795,7431
212,2511
2835,7144
1316,5334
1541,7237
2112,6994
1020,1166
3824,7224
2734,6792
1604,5198
4061,6621
2914,6572
1004,5063
2600,3080
2744,5216
4359,7402
6304,6859
1137,1200
16,550
4142,7213
2854,4501
79,550
5942,7199
60,6504
1937,6958
167,7128
487,5000
5578,6802
3094,5049
1705,2177
2905,4747
1725,5212
5127,5720
2481,6616
2577,6712
654,5383
1884,4359
3208,4062
7184,7435
213,2864
3550,5284
6990,7080
3103,5108
5479,6108
2854,6978
1149,1937
1848,5443
2174,2515
4356,6101
2128,7199
847,7226
904,5203
1384,1898
1509,7476
2805,3477
1524,3251
2944,2998
3653,4561
550,5578
122,4847
1509,7106
308,6115
2988,7030
5831,6912
3381,7385
854,2349
4113,5674
524,1448
335,7535
1224,2531
706,3829
2988,4262
2897,6888
879,7551
504,1497
1677,6062
409,1695
4883,7398
858,3042
2497,7056
1028,1399
474,1228
2239,2742
1806,2028
1598,6642
1333,1897
1872,2217
4220,7571
1678,5317
110,152
895,6465
1024,4516
3341,4122
3039,6478
7,7589
1166,6065
3597,6649
3585,6882
652,1954
1532,7490
477,745
1555,2876
226,936
1199,1406
3944,5463
3213,6752
3038,5171
1606,2941
2932,7162
2213,7532
2564,2864
3105,3212
1536,4865
3198,5519
3379,7351
4809,5769
2854,6023
2143,7032
3858,6446
1429,4683
5355,6712
1316,3614
1651,5044
6270,7334
1039,3125
961,1849
1639,6725
6351,7237
925,5892
2921,6800
2588,6101
166,2811
2666,5479
3530,5127
612,1493
3251,5332
4433,5410
4117,4593
1281,4554
1115,4785
2914,5735
1624,6207
4146,6411
3898,7435
3571,3850
1929,7170
6481,7483
4318,5851
3751,7595
1026,2429
660,4707
2515,3285
645,3647
537,6746
260,3450
924,6891
3446,5285
2665,3048
1083,7326
2289,3536
5876,7028
919,5127
612,5095
2390,2980
3514,4506
4447,6811
2878,3498
2787,3038
110,4180
1164,2992
2251,4911
3672,5532
2157,7580
6508,7249
660,3271
6952,7143
2160,4431
5047,6656
1381,2848
184,3142
1667,3224
1305,1721
452,7248
3708,6146
175,6408
4929,6460
1752,3038
4287,5285
1384,4673
1613,2928
1005,2676
24,3643
2265,4875
691,5728
3530,5625
2117,7435
2332,3481
4705,7348
1334,2878
16,2530
148,5578
1150,3268
1355,5191
1123,6608
3592,5869
1065,7600
4359,5956
1039,2083
1509,4666
1501,2625
2217,2794
5192,6776
2854,7396
2662,4897
4266,7386
4637,5046
1471,6967
1413,1875
2896,3437
1441,3038
1970,7444
2868,4465
2988,3880
2004,5407
3045,4544
7245,7535
3103,4786
1464,1506
5602,7225
3240,3644
612,6101
2985,6458
1665,3360
3291,7071
2711,2976
5485,6126
1367,5953
3967,5017
7015,7162
1444,5212
4104,4164
271,5854
645,6126
1558,6200
103,211
668,6409
3962,4570
2967,7056
2015,3213
2061,3833
998,7405
813,1937
2600,6817
1164,2111
2233,6621
4545,7525
4356,5454
4705,7318
440,2510
2468,2515
2029,4556
3404,4187
966,5580
1316,4034
2177,5095
2096,4903
5979,6487
3106,4806
4525,5417
4298,4387
2600,4903
261,5370
3416,4013
2847,5944
3330,4941
4621,5980
3125,3757
3060,5527
2626,5544
2697,6432
2878,5556
3873,5454
4033,4300
3061,3557
3636,6012
727,4330
409,3581
4364,5476
2615,7161
4452,4709
3317,5706
35,6887
2145,4235
1555,6391
3081,3597
1057,6668
4337,6519
418,2835
1752,5493
5443,6339
3260,5246
2643,4911
3657,5370
2357,5396
1889,2028
1497,2840
1467,2516
2229,5242
1741,3052
1349,6200
498,3032
2037,2614
2633,3469
104,5715
562,1391
2897,3829
521,1008
3830,7052
5110,6020
504,3342
3033,5447
1464,7605
2624,6125
2209,5680
2854,5933
2666,6797
4864,6309
1861,3614
6361,7284
2434,3597
422,5851
1403,4734
5095,6101
6063,7487
1804,2420
3566,7548
1546,2515
3184,3900
1207,5111
149,3590
3103,7231
1150,6763
4000,5526
2673,7253
2717,6088
1084,1382
380,6931
2754,2854
2444,3700
2402,7100
3636,5108
5455,6497
821,6190
2706,6190
1374,3174
1691,2289
4767,5454
3855,4146
543,5115
972,4880
85,4899
3504,4086
40,1678
3853,4632
3536,4333
346,5981
1565,3708
1897,6252
2897,5687
1603,7488
2491,3064
1626,2391
33,407
2107,4433
639,4757
1170,2186
2096,4455
2094,6633
1384,4466
2964,7102
5139,6135
4999,6860
3410,3852
1464,3350
2961,5876
1068,3281
1925,4247
4544,6155
1402,3530
192,2566
5274,7199
524,4606
1281,4561
958,3883
1533,6887
2615,5857
3397,7237
621,647
4455,4480
3210,4243
1471,4657
4879,6907
817,1131
4703,6279
711,6245
2670,5703
1943,4453
5892,6148
112,5127
290,1260
5035,6091
1848,4455
2039,7076
3103,6069
6110,6434
3469,7604
2142,7172
1334,2186
1715,6084
4572,5457
630,5274
2117,2208
3349,3389
2615,2933
6272,6514
2021,5725
221,3216
1973,6831
5132,7604
387,6813
1789,2347
3073,6368
1325,4748
3667,3895
5564,6296
80,666
3796,7211
766,4927
1658,4961
1830,7143
771,6228
3181,4898
3129,4636
513,3107
2510,3102
3647,4548
1421,5549
2580,4327
6568,6656
386,1674
673,2069
4947,6672
640,6074
3341,3400
3762,4221
1447,4931
1011,2552
101,2967
2632,5337
1074,6788
2836,3632
1289,6110
44,3701
2458,3781
2617,5653
2559,6207
113,3334
4810,5036
3597,4809
1384,4762
844,4461
1471,6419
3251,5944
5024,6361
1624,3632
2819,6415
3073,5194
6016,6188
1325,3529
1316,5526
5303,5498
961,5274
1945,7224
2911,6446
5370,6695
2614,4899
3669,5769
4795,5447
3450,4801
4023,5429
1849,2132
686,4023
2347,6207
1119,6323
2892,5326
2902,3955
5410,6125
2644,3701
1879,3616
460,7066
119,7260
735,3073
4850,7001
2384,5294
313,2351
1804,4349
799,1381
6167,6757
1879,4998
2096,2401
4967,5644
2195,3136
406,6108
867,2670
1640,1945
3341,7574
2574,5128
3979,7412
2262,3597
4364,5126
2017,5314
5948,6112
1455,6794
3022,6633
1459,3920
5115,6348
3490,6455
3961,4083
2973,4414
2586,7604
3555,5497
182,6524
1624,6293
367,6666
3513,4275
2260,2399
2707,4677
6477,6832
1185,4329
5407,7580
1250,1459
5909,7350
2430,4621
6731,7579
3389,4147
5724,6621
1571,6638
916,5949
2193,7489
3564,6757
1521,2992
4119,4961
135,1988
183,6941
244,5370
1093,6352
1721,5277
634,3921
6476,7477
1001,3597
1665,1921
3653,4000
524,7059
5378,5892
4033,6259
4284,4768
5314,6991
1804,4472
1010,2654
7482,7615
2070,2878
2787,5526
462,6358
78,4632
5435,5632
487,4558
312,3845
4799,6195
2850,7113
112,3095
3948,6478
590,3866
3266,7162
3504,6857
4335,5269
3103,6002
2507,4296
76,1830
2399,5396
951,2648
4106,4387
6556,7513
1817,5988
647,6514
3547,4469
4256,7213
1601,1634
351,4485
4692,5581
5421,7421
1665,3612
2406,7352
260,1310
3770,5346
3249,5463
963,4259
2005,7313
6069,7088
4171,5978
1017,1280
97,3833
4917,6457
1677,2626
378,6792
240,3538
3979,7351
3659,7237
3377,4904
184,3103
1757,4946
1150,7173
4600,7009
3373,6246
5294,7589
524,2130
4596,7257
3463,6477
1921,1945
2615,2835
4083,6478
2798,3240
2238,6857
119,4000
4330,6187
1253,3873
2337,6460
2864,6446
290,3085
1776,1933
5670,7123
3564,5178
6309,6874
5040,5162
3603,6003
524,1509
3559,5514
3614,5775
6408,7558
3617,4406
539,3080
67,2416
4122,5597
2434,3498
440,519
2896,5277
2647,4335
4234,4613
771,1989
2164,3410
113,1838
3056,6752
5342,5417
3473,7024
6446,6672
1147,2286
1216,7036
1752,4119
3096,4338
1057,6848
393,1834
104,3956
2142,4420
2510,2597
131,5867
4309,7224
524,5761
2329,4245
713,5854
4931,5857
2676,4981
707,7284
255,5866
2083,7237
3239,4527
6955,7488
603,3526
4811,5406
1941,6860
32,6196
5156,6427
524,2492
213,2566
3173,5580
2251,7155
907,6598
120,5570
4572,6047
1885,6830
1823,3356
5020,6979
322,6470
519,5657
3108,4843
951,5412
5410,5534
4013,4069
4904,5756
54,2422
3714,4631
3597,6930
4266,5214
5127,6267
720,2174
4399,6886
1316,6787
2183,2889
2637,3583
3317,7028
5072,7358
1876,6546
2761,3360
1689,7574
96,4811
326,7542
1447,5857
3497,3932
763,6105
213,6800
1001,2083
1758,6134
304,6017
3912,5343
4032,4477
3240,6681
5090,6697
2000,3813
4517,4572
3632,3809
296,2572
958,7023
1817,7536
7173,7260
1641,7490
1859,6138
3137,7060
212,6417
1509,2615
4359,5206
3855,4865
243,4300
4387,5655
1277,4261
3952,7339
1533,5918
4449,6906
874,7098
2615,4666
1973,4800
427,6146
5405,7498
4330,6357
1658,2956
3022,3125
2195,3640
4811,5273
2151,4013
1767,3064
1853,6241
174,776
110,6001
1030,5933
3346,4673
1345,2495
766,1799
3006,6207
2790,2835
4612,7623
6088,6905
290,7507
2023,5012
2342,6432
1109,2761
1896,2021
1831,6141
1029,6252
3162,7224
524,3971
1794,1937
2083,2734
888,6659
3154,4528
2431,2694
5536,7226
951,3560
2675,7029
6078,7080
1854,4259
2229,2733
2798,6695
426,1312
110,4904
2624,6375
2943,6292
3873,5663
799,6912
3701,4754
3603,6096
1118,1225
2151,4754
3653,6883
1551,2380
451,1372
5108,6446
257,5610
2187,4485
785,5927
1303,2872
427,5831
3803,7502
1255,1610
1921,4527
3977,5041
518,3665
1980,4785
1191,4121
1068,3880
335,3715
5510,6785
1798,2263
2260,7403
136,4365
3360,6873
1665,6682
2524,3842
312,760
4896,4922
1006,1831
232,3873
2463,3737
221,4536
3334,3948
142,4100
3181,7488
3624,6120
786,4341
244,5151
5327,6361
3725,4955
2734,4967
3826,4151
2045,6887
2361,5944
2599,4959
3860,5422
1283,7482
5147,6633
652,2896
5124,7237
461,7182
1909,2966
3022,5866
879,2947
3399,5047
3510,4908
2995,3873
167,2470
161,6919
2117,6164
1872,4338
3767,6769
1475,5543
757,5600
966,4301
1198,5192
3340,3520
374,3279
2641,5823
421,3921
2663,4612
1221,3646
2615,6712
2706,4555
1559,3130
1706,5362
1447,4860
1905,3647
813,3377
2535,4093
524,2615
1341,1616
2352,3530
766,6446
6101,7225
1310,4275
3077,5483
2324,7028
1142,1351
1335,5791
543,2838
2800,3082
4906,5722
5277,6593
1157,4121
628,2609
1898,3854
5854,7226
112,5969
1391,2049
733,5137
4308,4594
2193,4657
378,3544
2497,6127
1677,1937
982,5598
715,2083
1376,6135
4487,5831
360,2412
5988,6152
2834,4322
3969,4428
1940,2772
1887,2910
1674,2682
73,5308
3455,3650
2096,6446
2798,5854
2707,4632
1793,3622
3833,6770
2510,5220
1512,6391
2878,7187
406,7284
361,6206
3670,6468
283,645
645,2626
1857,2361
5220,7339
5663,7089
3408,6108
4785,5966
1844,6528
5836,6471
1890,7376
1300,4952
867,1674
2029,6108
3986,6568
5454,6174
110,1447
3450,6999
155,2974
1887,5278
866,1937
2186,6398
1852,7612
1250,3148
828,4636
2090,5802
223,827
1103,2644
1533,3837
166,4691
1334,6891
3564,4544
255,7237
392,2823
502,4527
2990,6474
4705,6970
2996,4443
611,1312
1717,5058
3620,4355
1929,5463
4705,6395
4125,4880
1462,6347
2347,3856
368,539
3507,5206
7045,7335
2897,3873
3751,5404
3042,4247
2687,7329
640,866
471,3093
738,5081
2083,7548
2204,4961
2197,4554
4073,5111
212,2234
2744,5127
728,6635
3809,5420
10,5489
213,6101
1717,2298
1384,2819
3350,5072
5600,6323
1665,5579
1477,2974
53,1230
2365,6017
5369,6917
1166,6733
2056,6411
3852,5867
5127,6955
571,6836
216,5508
1706,2213
628,7190
1622,1671
2387,6256
4723,7565
3530,7482
761,4485
3406,6779
5593,5905
536,6234
6528,6651
1551,4699
904,4304
3360,5326
378,5769
1444,4000
190,860
2864,6016
1350,2143
3038,4035
6757,7405
5536,6960
6817,7102
116,6207
2725,4883
5095,7074
421,6262
1485,7447
930,3359
1107,1297
2377,7060
728,5636
6466,7580
1699,4728
748,766
7385,7457
891,4082
2189,6116
4296,6505
1937,4904
4180,5857
582,1884
1012,2798
3755,4745
4121,5272
5415,6252
1553,3450
213,3497
1133,5236
4180,7319
2510,3417
464,2713
651,7204
1999,4393
3341,7083
33,1973
1353,3184
2468,2995
2391,4211
5673,7302
1876,2614
1660,7361
350,1932
798,2510
5301,6466
6409,6618
5210,7090
524,3377
3847,6427
2725,5548
1696,4880
6955,7457
4735,5441
4790,4944
6160,7150
843,1376
2132,3519
2615,3056
106,2511
5386,6256
6656,7295
1462,3082
108,647
6505,7587
3880,3966
113,2488
1166,6661
6111,6446
3948,4108
6140,6797
3695,6656
5621,6101
5515,5894
3666,6431
1642,4000
1300,1467
500,1226
161,2792
4164,5472
5270,6120
3855,4704
4359,6408
884,3530
1804,3080
3742,6300
524,6217
1223,6958
1203,5751
42,4335
4900,7075
3963,5851
2201,2929
3614,7557
6562,7019
2474,2955
4142,5285
5431,5866
1713,2798
2263,6838
122,6428
6443,7129
3044,3081
41,3950
4019,5508
1799,1906
3580,6182
474,7410
2170,2961
2340,4882
1292,5618
3811,6098
1987,2998
5506,7032
88,955
204,6408
1749,2979
3635,4811
5831,7237
1721,5939
1098,3348
1281,3042
3565,4947
1989,5715
2470,2803
305,6034
3905,7098
3896,5387
2609,4962
144,3103
3450,7497
1444,5328
3184,4425
1376,2498
3526,7598
1074,4900
2868,6344
3216,3667
7288,7331
2476,5548
2721,4359
2998,7604
6363,7374
1524,2685
5828,6424
158,6564
1524,2390
866,1509
2566,3932
3610,4659
424,5984
846,3897
3555,4549
3989,5831
2951,3960
3877,4180
1633,7579
1999,4955
584,2753
645,5725
1280,7206
492,3653
522,771
798,5212
4738,7601
2433,2838
524,4728
5867,6544
3210,4359
2305,5334
3492,3571
5274,6170
1643,4719
2758,7604
1411,1946
2424,7352
167,5668
6476,6942
4297,5129
591,7552
414,1704
765,2162
1721,4088
4994,7245
759,5466
4717,4973
4662,7219
827,3667
2424,5820
5930,6192
2583,2786
5353,6617
637,7442
3498,6846
1305,2896
1637,4592
2840,6847
452,5516
1431,5676
3779,5966
3418,7482
5360,5630
3597,5114
543,5905
448,2217
2790,2884
1749,4040
997,3073
1720,2151
4785,7224
461,3855
341,3755
746,2864
6857,6870
1149,4230
524,4389
3597,6234
318,4943
462,2523
1891,6558
3502,5047
3081,3251
4414,6124
52,2510
1922,6186
2424,3210
81,2014
2782,4695
645,5485
5370,6236
4836,7057
2515,5227
6727,7283
5988,6442
1749,2162
1794,2889
1391,5386
3564,5962
3822,5993
2996,7296
1149,6217
1937,2308
444,612
4785,5310
706,4125
1509,7382
4256,6495
3597,6523
3118,6161
2199,3864
4593,6568
1751,3304
2390,3701
3850,6827
653,4429
4375,5626
594,1008
2691,7534
4691,7553
5559,7075
4517,7383
1471,6231
1381,4086
469,1170
3998,7031
6695,7237
1937,2037
1289,1875
4243,6566
1381,4883
4572,7516
3074,6370
1610,5065
1792,3994
4540,7532
176,4248
241,5888
418,2677
4415,7265
2694,3121
1657,5851
78,1328
1464,6179
116,1624
2170,2952
4836,7595
5683,7033
498,3145
715,4584
3614,4317
763,1381
4900,5785
201,1010
113,1316
233,4528
1488,3841
706,3755
1345,7620
1606,2305
3564,3926
1848,5578
2734,3644
2455,3350
3564,6942
1450,3949
3850,4327
743,951
6544,7435
2017,7489
4376,7553
4814,6101
1987,2066
3341,5811
2238,3566
1781,6219
630,6241
635,3478
2216,2992
4257,6996
980,2442
5816,7248
2835,5988
4617,7217
711,3737
763,2029
1102,3962
2414,5520
2373,5944
5463,6217
4963,6241
1464,3932
1610,5921
543,7579
145,3133
208,1959
3873,7032
1560,6958
614,2615
4961,6094
1685,7001
291,4800
524,4904
2492,5857
2994,6095
3108,6391
4017,7203
2912,5154
420,2207
385,2621
1887,4085
5326,5597
1073,1743
2846,5703
854,3360
6446,7296
2985,4657
5911,6165
187,5758
2058,2899
2289,2572
1725,2194
5202,6987
3621,6666
3861,4457
806,6319
297,2844
4880,6940
2194,4632
2691,3969
4441,7567
490,685
2189,2470
5543,7488
1316,5324
3221,7080
2166,4381
2798,5402
6869,7067
2170,5578
6458,6876
3921,3987
1725,1982
488,7379
1463,1528
3679,7379
95,1020
843,2271
3181,6648
5526,7123
1835,5653
5236,5324
4131,4710
2634,4106
1271,4554
3748,5311
671,5123
2740,2838
2839,6402
5128,6919
3330,7009
3854,5632
3041,7151
1161,6126
4899,4931
1364,5671
2744,7368
763,2644
3181,3845
2403,4908
1236,3086
2878,4883
421,5230
1645,5388
5422,5633
2188,2657
1799,7240
112,5687
5687,5734
1830,1929
2906,3437
4043,4785
3946,4309
771,2145
110,4716
1409,4870
213,4630
429,607
6538,7338
1349,4981
2051,5106
272,463
464,3840
4000,6103
1590,5944
2326,6792
3751,4836
1558,4329
763,4900
4638,5677
2195,5676
1761,7213
667,7133
4000,4763
2994,4125
4603,6887
758,7563
645,1349
290,6649
5427,6536
4457,5251
3597,5176
13,5385
5031,5791
2896,2936
1135,5048
2455,3805
228,7551
2939,4559
1293,3597
5388,7012
73,3852
1533,3956
406,6870
2952,3813
2854,6214
3184,4385
3130,6454
2083,6146
2951,7320
3487,4026
3063,7284
1496,6860
5134,7009
3666,7376
3624,6331
3181,4720
5158,6973
951,6792
3646,4962
1447,2015
2140,5464
409,3830
2510,7309
134,652
5578,6383
2056,5236
4563,6452
3978,6101
4206,7581
1626,5687
6383,7068
2265,4931
221,4433
2843,6269
5725,6339
732,3206
2694,4000
2199,2668
6,667
889,5217
67,4638
385,4437
926,3095
2741,4356
3956,4338
3694,7533
4788,4880
3530,4876
2158,7352
3334,6168
641,2039
5713,6695
891,2600
2598,6186
1235,1689
6806,7343
1262,4511
335,1559
447,2126
5068,5463
2122,5466
5578,5711
4691,7586
1919,2120
718,3792
3822,4146
104,4671
5926,6675
3951,7333
244,1920
6712,6862
110,2265
3469,5347
950,1682
4335,7181
3383,6316
103,7224
4489,4814
771,4823
112,4036
3293,4008
5555,5823
221,982
1054,7586
5556,7237
6200,7565
2818,3653
1731,1973
122,2358
1674,3745
1651,4607
550,6367
5725,6859
2417,5817
5968,7340
5335,6208
2360,6670
539,5711
1672,7533
1404,2988
3949,4925
2896,6529
3044,5831
2327,3330
2328,6768
3108,5556
2289,4338
1942,7024
2347,4565
2517,3038
1221,1812
381,6476
2346,3247
4387,7587
5156,6408
2194,2204
543,6720
4206,5862
1795,4546
3875,4673
1005,2891
4785,6364
4785,7451
1752,7032
473,7398
798,895
4119,7498
2816,3544
2476,5831
3667,4163
6323,6446
3699,6567
1916,4146
3786,6991
661,1262
763,2876
128,290
2854,5799
484,1497
3544,4039
2391,5534
3047,7282
2840,4765
805,2083
378,2798
2713,7070
3314,3463
1340,2510
5303,7340
3695,5041
212,1691
1376,2004
4691,6511
881,3444
1811,4785
2083,6193
2294,3412
406,7075
5056,5933
3450,3867
3234,5240
988,2363
3360,6787
558,3039
1635,3855
1879,2399
5355,7001
6697,7460
97,4676
244,743
1536,4636
2515,4678
238,2358
47,5378
3540,6467
112,7488
3193,4031
1599,2318
3404,7162
1699,6785
2580,7080
4122,7563
1447,3508
1658,3269
1957,7121
406,2724
4935,5479
1838,6891
3083,5235
4790,5409
2713,6418
3084,3432
3773,5966
961,4726
1721,6903
3833,5993
2890,7585
2787,7123
3198,4557
5364,6323
3873,5411
3845,7294
891,998
3565,6339
1607,7291
2060,4785
630,3807
2215,4225
2476,3240
1905,4008
854,5510
2843,7416
4164,6652
5102,7015
1937,6092
3667,4125
3907,5621
4095,7587
1705,6012
5892,6427
1102,1729
1940,6952
5564,5854
1831,5679
4164,6731
1899,7156
1656,4811
3039,3880
383,3530
582,4636
1376,5926
2703,5268
4506,7356
1141,7437
1737,3450
3587,5850
1421,1626
1678,5788
433,1614
2347,4653
2129,5274
660,3530
9,246
705,1933
982,3530
3162,7608
3086,5078
80,520
1409,3095
1685,4280
2091,3582
3737,6185
5645,7403
766,1905
692,4121
3352,7177
1547,5047
141,212
3584,7468
3210,5892
923,7284
2100,7237
374,6999
1306,1752
2656,5099
645,7244
2586,4612
3685,4587
1874,5347
4666,6616
2510,6414
3015,7268
268,4041
1535,3569
6190,7086
3569,4421
2676,6544
5308,5929
1926,7248
3036,5610
378,3597
3410,6754
667,4220
2019,4367
1945,5419
998,1745
524,7452
5127,5216
5944,6870
3173,7502
1334,1381
3394,3555
1898,7313
3747,4000
3679,4038
4280,7225
2892,4763
1029,1506
1348,5090
2424,5790
2383,2763
2854,5447
1180,1795
3352,4961
130,3251
4779,7545
4604,7165
2095,3543
3103,5095
1526,5319
4811,4892
2609,7190
1180,3582
2892,4337
5646,6920
630,5894
1068,6519
284,5788
468,4919
101,5862
1407,7338
1051,3428
5377,7534
1678,4069
602,1585
5466,5658
290,1555
994,3564
1384,7205
217,1401
1880,6887
524,6442
739,7282
5399,5703
985,2615
2265,5592
286,6797
411,686
3900,4782
2303,7327
141,1691
2510,5845
1563,1843
206,6390
2211,4318
70,7097
1281,3360
3293,6877
1003,2707
6633,6664
1439,4649
1906,4023
904,4324
296,6538
3874,5409
1221,7021
2263,2510
2122,3898
687,5260
4338,6520
2980,5388
3117,3176
6577,7228
4624,5725
2510,6094
3701,6036
763,3961
5079,5370
5516,5816
644,7320
4146,6427
5378,6408
2532,7373
1677,5867
3786,3845
3757,5014
2838,7287
4936,5972
2151,5679
1761,4623
2673,2798
1198,6776
4388,5401
5336,7339
3450,6548
3817,5938
4544,5872
4785,6208
3932,6101
1882,5492
4912,5557
1978,7587
1584,5630
5009,7353
788,5845
138,2603
2081,7188
827,6334
2961,5095
6317,7435
1990,3829
140,3530
3538,7518
3263,3317
4700,6842
651,7212
3095,6955
1149,6616
2798,3948
5831,6695
1610,7015
829,1956
2029,2083
2326,6821
6154,7110
1332,2132
252,6712
2023,6769
2099,4453
1496,5461
715,2326
221,2426
212,4235
3900,4452
346,5887
1629,6621
3861,6341
1055,1929
5274,7332
1376,6136
766,2300
799,6870
32,3155
290,3499
3223,4624
5878,6564
933,4762
4788,6577
1015,6536
3450,7488
4941,6793
1838,3644
473,3594
1584,6433
35,4246
1724,6085
6282,6411
2966,4929
524,6380
4088,6529
2670,6090
335,1316
1910,6799
3822,3845
3400,3990
3497,5955
6378,7552
4900,5944
2266,4875
4221,6372
4398,7237
1943,4785
3611,3625
3413,3850
5027,5463
1119,6976
2144,3086
3315,5463
683,2942
5399,6234
4078,6252
3536,4343
2077,5914
2710,4941
525,5817
3644,5090
798,5670
6924,7100
550,645
5552,6069
3756,5793
2448,3405
2170,3932
2744,4876
5603,6101
5915,6666
6442,7533
3038,3679
2689,5901
4720,6408
6207,7256
2439,3610
2429,4335
936,4214
839,1360
3282,4544
13,1850
5476,5836
3373,5179
1536,1624
4179,5703
5212,5342
1497,6648
1264,7179
5226,6088
3103,6101
566,7488
3882,4144
4955,7123
4146,5127
2815,6960
6819,7199
5909,7027
524,6001
5310,5428
1157,1353
6167,7334
3674,6020
1793,6597
3748,5754
2647,4900
5327,5664
3557,5857
7014,7047
3418,6949
1808,7366
5076,6874
557,1402
6884,6887
133,6395
2724,4267
4728,7257
3267,4420
3418,5294
1496,1642
3189,7587
335,2912
3181,5110
3584,4875
290,951
296,804
159,5466
3833,6134
1349,6424
157,5062
2023,2288
5717,7171
2186,3504
3281,4238
513,4183
3269,6705
5370,6065
2551,6101
266,506
2897,3818
867,2890
3453,4811
1394,1584
3721,4621
133,4705
961,4298
3920,6942
2142,2779
2791,7252
6562,6572
3314,7601
1346,7495
4194,6350
6175,6200
5456,7024
1396,6836
972,6278
1551,5004
1132,5735
2086,6536
566,6449
286,1334
2892,3361
1639,2102
1594,4888
4754,5090
1891,7375
1334,3408
5646,7365
1642,6925
1943,4527
5277,6134
2580,6813
867,5413
6323,6339
2178,3334
919,4319
2641,2744
1701,3633
1381,7284
619,6063
3994,5543
2275,5663
868,4310
3861,6275
862,3649
189,4811
5526,7224
897,7100
1349,5457
2510,3736
709,1852
4904,5988
1611,1706
23,7317
1854,4698
708,7300
488,1632
1334,2083
674,1678
1077,4536
5455,6074
1149,4716
3568,5402
1052,4261
4373,5817
1388,3184
3108,5124
1343,3918
661,1471
1319,2318
6118,7400
2835,5174
1937,4770
6234,6751
6934,7228
555,1674
1583,2580
524,4860
889,3807
4518,7136
343,4888
3377,5988
750,1721
5349,5628
3045,7014
1599,1642
1005,3565
1304,1806
1469,7100
1225,2854
360,3047
2259,7245
4612,6623
4356,5612
1314,2201
1557,3009
1665,6094
6002,7296
3620,5938
488,7237
2536,6557
15,4375
538,5378
2546,4356
5156,7489
2170,3103
6217,6712
827,1224
1068,4785
110,1509
1945,5334
3671,4579
4070,5983
226,6515
2980,7237
2186,6023
4254,6058
1496,5011
463,2004
2004,4932
3437,4704
682,4054
3038,3836
5293,7335
4248,6501
660,7554
1818,4811
972,4206
1056,6270
501,3521
2197,2892
2750,3073
1558,6339
4274,7522
216,2051
4678,6673
1835,5896
1781,2693
3423,3643
5343,7537
1987,3005
3103,5457
179,2880
407,3710
2672,7527
4546,6194
3086,5511
4749,5857
4820,5161
3221,3571
3873,4876
2973,4662
3320,5884
6180,7279
3585,5480
2088,3755
1658,6705
1677,1973
4455,6012
209,5817
1001,2644
378,5703
108,7574
1856,3530
1450,2707
1642,3679
6500,7604
3440,6196
4796,5285
1108,1567
3996,4039
4762,4771
2626,5457
1015,4044
4691,6972
122,5580
4774,7563
3388,4785
33,6859
2386,5246
1008,1721
1618,6342
6326,6870
1706,3544
985,3103
4455,6800
4234,5274
462,5534
187,3678
6568,7266
4466,5128
495,2422
2029,4267
4981,5308
3179,5376
1824,2776
4162,6101
1017,6737
2122,7403
3502,4356
6235,7086
113,1555
2715,4990
1005,4981
375,6759
3565,6544
2878,7398
1007,4574
468,2412
1005,2205
381,3120
5021,5746
645,4014
2030,4039
6101,6126
550,3571
3755,3888
3387,5568
1638,5072
5079,6695
417,5944
1685,3080
2672,3341
2348,5996
842,6906
6323,6586
4408,6516
5857,6958
149,1799
3954,6725
6408,7256
6371,7329
80,1230
2254,4894
1488,6533
706,4880
2084,4145
6343,7293
2564,5578
4793,7100
433,3311
3610,3991
471,2985
3751,6566
2390,6891
1150,2693
7,2142
6242,6701
6924,7427
739,3597
2897,4270
5108,7296
5176,5944
110,2790
3127,7076
5227,7448
1241,6338
6345,6848
5062,6633
2928,4648
5228,6173
1219,3565
583,3181
1118,4033
1871,2809
1618,7580
474,5132
4876,7595
4162,7100
4337,5334
6391,6409
3103,4147
3352,3747
3346,5495
2852,6062
5203,7519
6321,6712
4865,7016
2476,2725
2428,2473
2353,2639
720,1262
3584,5643
2551,5242
4561,7608
230,277
3113,4900
3530,6717
3644,7398
1800,2522
5279,6296
1017,5582
181,5831
4853,6442
2938,3757
1285,5202
1039,5320
3450,4767
2914,4811
2803,4167
944,4467
4415,6272
3108,4809
4426,5894
468,4459
1582,3614
500,1891
2465,4994
6146,7621
187,4116
2510,3767
1265,5260
221,3381
5200,6925
919,5410
4270,5720
3210,4146
302,4364
2401,4455
453,5836
2513,4309
321,3529
1808,7117
378,3504
1734,3793
3022,6219
2980,7558
840,5851
617,7004
475,3110
4682,5319
2205,2676
3402,5831
1892,6282
1599,4852
5410,5549
854,3038
4038,5695
5399,6792
2539,3610
1849,6724
2442,3998
123,6576
221,1132
2991,3632
2707,4554
3127,6911
1839,3103
1793,4999
6842,7223
5677,6536
3386,3929
1272,5854
6280,6860
1835,6656
1710,4959
3468,4006
2408,2701
2691,5050
3169,4279
5646,7110
1792,6458
3763,4180
2489,6295
1519,1599
2127,2864
1447,2267
64,5162
930,4174
2694,5497
1748,4811
1674,4638
2202,5294
1317,4235
4039,5509
2498,5274
3854,4387
1879,7296
2791,5694
6887,7220
3716,4122
2798,6891
2400,5543
1817,2615
3227,5173
4031,4357
1320,1937
4211,6438
102,1495
3119,4745
1945,6788
3022,5147
1464,5242
1183,4298
2158,7162
1835,4029
2347,2836
6642,7237
3161,6891
2928,5854
4359,5921
2011,6698
3900,7488
4550,6445
2794,3446
3848,5564
5553,6101
924,6140
4593,5829
1306,3431
3565,5095
694,4994
2566,5095
1663,2761
674,3461
4809,5703
1379,4069
362,6419
766,5938
496,4432
3855,5330
612,1804
117,1750
5355,6298
5751,5949
6632,6775
907,1633
1882,7553
1278,5060
1252,2645
2985,6408
2232,4060
3038,7498
2854,7551
6363,6575
4661,5859
1560,2199
2014,6870
2864,3414
3108,7237
4295,4426
446,4122
1636,5454
2967,3530
3159,4955
6521,6960
2452,2476
285,4154
2091,4336
5556,6105
3479,4558
3430,7352
4223,4882
2430,4779
2637,5485
1560,2265
3751,4692
2840,3530
1219,7598
3400,3715
2892,7498
2516,5232
5527,5894
5823,6095
3642,4121
5559,7284
524,3399
3397,6361
2193,4146
2706,2948
212,879
406,5124
1233,2591
1488,6796
1017,1632
1933,4931
599,2524
4257,6919
3240,5769
6813,6990
335,5905
5430,7067
1280,1381
1641,2338
2600,6101
1349,3813
2197,3224
4783,4785
1174,4069
7017,7284
3943,5343
2667,4427
1570,2702
1348,4335
3530,5687
1351,6046
2826,5761
302,1527
5632,5646
1332,6165
659,1618
2368,6323
4329,6200
2502,7221
763,3644
4699,7279
3195,4068
960,5011
842,3360
5173,7009
521,1424
2892,3162
2589,6120
3251,5536
2263,7498
418,6818
2556,5079
2600,4455
1508,6171
6016,6734
1902,3415
190,6123
3898,6101
2476,2876
3285,7254
958,1384
139,2617
3510,6891
1105,3614
3961,6236
3874,6817
3845,4657
3103,6339
968,3507
3581,5800
3920,4984
1488,7327
740,2285
2589,5949
2488,5933
84,1932
5988,6546
4952,7068
5127,7400
4359,6735
1196,2337
1946,2846
538,6207
1907,2800
5823,6955
2014,5479
1535,3325
3245,3921
5745,6249
2973,4023
5047,6074
1842,3266
1905,7416
313,4328
4726,6673
3520,7177
891,7623
3498,5033
232,4163
2933,3377
5120,6528
234,4231
4476,7071
6101,7199
140,341
2468,4900
615,2914
3900,5823
2734,3240
110,2628
4716,6752
4681,5915
1728,5720
3234,3855
2998,6233
997,6946
6765,7098
2234,3096
432,5988
1334,7237
2712,5461
640,3399
149,7565
3073,7185
4785,5357
2504,3874
3213,3694
1964,2671
2472,4623
2414,2906
903,3718
6256,7291
524,6287
1249,1834
3530,4811
2989,5851
1305,5876
2470,6937
7015,7581
2818,4034
2761,4774
1945,3509
2414,2442
6617,7028
1934,2267
6125,6505
3280,5454
3352,4000
806,4960
6888,7595
765,4040
591,3998
3240,6391
473,2031
3831,6828
5041,5159
2017,4657
860,4384
1826,4695
666,1849
5526,7563
763,6792
6786,7070
763,5915
1262,7256
1884,2158
6302,7492
7122,7403
2476,7379
3377,4893
725,4726
1350,1384
1956,2122
2878,7237
1107,4214
1856,6534
1203,6262
2747,5377
1987,3920
5446,6593
817,832
1176,3561
2673,3743
2773,7395
1065,4261
2370,5793
5829,7499
3374,5069
159,1043
4000,4151
2036,4126
1434,2186
2928,3499
5911,7160
5143,6688
2752,6242
1350,3596
3622,6519
1627,5732
2012,5972
1897,4879
2858,6870
524,6455
5032,5127
2892,3042
1792,2424
1446,2670
244,1632
3557,5047
3927,4717
5065,7162
3666,3839
2072,2097
368,2170
4180,6217
358,1373
352,6410
2187,5578
1956,7403
558,1456
550,7416
4623,6887
2140,2148
6478,6529
1618,6139
2809,3457
633,2474
4174,7173
3597,5090
4082,6191
3569,6362
6794,7601
4319,5949
4359,4657
5308,5457
4864,6436
1544,6837
309,1952
1902,4931
744,1318
1806,2510
1121,4828
143,3520
257,3855
50,4415
2495,4609
4556,5717
244,5568
187,1005
1852,6567
290,5978
1397,6561
484,3895
4967,5370
5114,6403
260,2515
3767,3977
907,3584
840,6811
4808,6494
3399,4931
3720,7214
3504,6361
530,6908
3439,5029
4119,4862
3165,3397
3923,5370
1348,7237
2160,6406
5315,7602
524,6958
381,6916
91,6932
1338,2992
524,4875
5488,7133
3450,4799
2711,2740
4900,5479
4335,6496
4290,5817
1150,5108
3614,4240
4563,7237
1856,3039
5095,6016
1065,1384
2458,5791
2239,3170
3342,7087
2186,5097
5058,7449
1639,4666
290,2848
2328,6911
1271,5015
1624,5454
3876,5127
1781,3544
1647,7591
3638,3650
1200,6022
2643,3325
1234,1524
4756,6273
1230,5646
1772,6860
3381,4678
1008,3404
864,1944
2388,5047
3862,5335
380,2848
1102,4589
4012,5393
2199,6862
3103,3817
4303,6146
127,5454
894,2892
3038,4955
1281,4393
5854,7490
1767,6562
268,376
440,4941
178,3400
3766,6712
209,3251
997,3396
3449,5012
1020,7352
3917,4737
1546,5534
2008,2510
2897,5314
4904,4931
598,6180
4900,6849
650,4407
290,2980
1328,7097
29,2711
839,5023
2369,2385
1553,5274
3609,6359
291,1005
5862,6999
2390,4785
2734,2876
6747,6887
2391,5549
18,6372
358,3468
2213,5915
3751,6314
136,468
4905,5690
894,2008
291,6544
2835,7001
6528,6563
2019,2879
2205,6544
5485,6509
3408,7237
5906,6622
5128,5646
2239,6120
1746,3158
3045,5188
2840,5411
5427,7585
5468,5578
6320,7411
4563,5944
5455,7244
5214,6865
5127,6181
2511,4906
3445,3513
799,2607
977,982
488,5769
3504,7284
2024,6234
1982,7289
5671,7009
3911,5578
2694,4034
2056,6378
7457,7488
1677,3103
4540,6666
3722,6175
6051,7270
1316,4000
1956,7296
2790,5988
1795,2880
3521,6201
951,2452
112,3530
5770,7213
1041,5056
4136,4298
3674,7405
1376,4563
73,6424
5355,7540
3584,3988
2571,6391
378,6789
3207,4845
3822,4720
2676,5455
1174,2014
1618,5454
543,5873
2775,2805
514,5700
2751,3690
472,7304
1564,2414
3463,6898
2512,6928
3812,5516
335,3400
3240,6697
2298,5298
2872,6279
2878,6105
2705,4689
3154,6808
2691,3079
381,998
4525,6542
4217,7600
440,3314
1137,5838
1337,2434
828,2985
407,5916
358,1263
3402,4487
2052,2827
113,380
4427,5488
2510,4072
4614,7498
2874,3666
2229,3270
4554,7224
2892,3352
346,4368
4593,5803
1770,5520
2191,7162
1849,3530
6233,6799
6652,7579
643,4895
3679,4785
3987,7607
473,3161
2170,4531
4206,5555
427,763
2508,2867
1384,6415
6991,7256
4785,6865
1497,6955
140,6638
5556,7284
1896,2309
1666,2807
1376,7545
3822,7256
1253,5461
1189,3103
3010,4365
1,5735
3755,7497
4204,4527
3654,6453
1043,3780
1294,6941
3682,3970
4612,7227
1777,7237
3128,6593
1929,3907
1348,2029
4318,6768
2640,5205
2845,6960
2734,6891
3927,6167
166,5457
3128,6408
204,5513
1293,6403
2624,6847
422,6911
1150,5095
3229,4187
938,2019
3359,5578
364,4573
3564,7405
6899,7595
5907,7165
2557,4938
3303,4589
4561,7117
285,3079
346,3549
710,2570
54,645
524,2037
1012,1678
1149,5988
3544,4900
3450,5666
6330,6482
6642,6863
1005,3995
1734,6564
1844,2217
1300,6101
4033,4929
3703,5488
3755,5744
2028,4991
3561,7225
3721,5739
524,3069
1921,3520
1271,2892
4607,5829
1342,7482
290,2445
1382,3159
1300,6383
5015,5597
3237,4177
2933,6712
3747,4961
1008,7581
5814,6965
2730,6255
1982,6043
4922,7432
6163,6692
1630,4599
1280,6912
5751,6262
1248,5895
1017,1381
3647,6380
805,7398
1771,7364
413,6004
7237,7578
2570,3038
1849,4125
953,1701
6217,7141
2377,6671
5369,6654
149,1254
1800,6797
6712,6725
1383,3530
4957,6617
1518,5884
5072,5951
2277,4543
4908,5111
1642,1941
5588,6562
2029,4900
982,3873
2390,6945
2416,2890
2429,6639
1633,2711
4782,6054
4882,7416
2846,5536
886,5510
4990,5510
133,3891
879,2854
7195,7407
4599,7216
1559,5343
2194,3938
385,5623
1793,2912
290,6391
140,5646
381,5491
1534,3086
1154,4904
3888,4788
2134,7121
4770,6217
4162,6586
5963,7226
2848,4754
5595,7614
2749,6120
3789,7513
5638,5894
1312,3418
3514,5343
3390,6455
4000,4403
2265,4293
2164,2524
2854,3275
1255,5277
6752,7512
1203,1384
4426,5646
4517,5381
3039,4864
4918,6728
1739,4785
1520,1792
1918,3584
2159,4352
1334,6105
763,5944
1879,5540
550,1905
1348,3544
5857,6076
112,2967
3714,7013
4197,7560
3049,4081
1394,3970
2955,5710
4443,7355
2745,3279
3530,6463
4657,4720
721,2566
1560,4899
4356,6033
2406,4593
3387,6391
2420,3103
1671,3986
2229,3389
1769,5184
212,1107
4164,4888
3862,7317
181,1557
4452,4912
1380,3526
1424,2738
845,4994
1137,2854
6256,7534
5047,5449
2220,5607
6270,7405
5370,6891
486,4989
4780,6101
2327,5671
5277,7162
3655,4438
524,7257
444,4588
1786,2458
1467,2843
6666,7531
2583,3530
737,5290
103,4785
3483,4632
6831,6908
3564,7410
885,6217
830,7043
976,2658
1164,3330
2047,5176
2591,3509
1689,3046
3764,5261
2058,6273
1180,6180
204,3439
285,1907
204,4359
68,6323
4,5770
16,2626
2691,4428
2384,7539
473,2798
1230,4707
1178,5489
798,2892
2985,4636
7050,7581
6001,7536
933,5706
110,5725
1835,4718
3080,3714
2835,4860
2289,7045
1794,3390
285,667
3086,4211
5535,6368
3921,6399
213,1474
4596,4728
2201,2644
1312,3889
4547,7605
212,5285
1645,6405
1937,7199
3500,4924
136,2373
3822,5577
4612,6379
1228,3564
281,1555
1156,5612
5011,5335
1658,6807
1932,4232
3499,6792
6194,6349
2096,2600
1876,2265
4947,7126
1007,1293
5080,5455
951,1555
3643,6439
1348,6234
1280,2854
3005,7215
2244,5051
3042,5220
2456,2593
5907,6935
1745,2160
3359,5440
2326,5769
2262,3882
6046,7089
630,6258
4735,5701
3632,4269
3738,4544
1849,7587
1312,5045
2803,3534
3633,5107
1504,4811
3926,6757
1102,4078
3360,4961
3873,7592
399,5827
6101,6446
3889,5589
4531,4607
2230,6350
381,3920
1285,7488
5734,6955
4434,5857
1402,5274
3642,5341
296,7054
1945,3715
58,3080
4876,5410
4348,7071
1462,6137
3946,4000
3341,6514
3582,7534
2952,6107
3520,5160
2099,5526
1551,5303
1867,4456
2391,3163
3475,7515
1280,3568
3492,3970
887,5526
488,852
566,7317
694,6323
4452,4678
2509,5334
1848,5652
73,6968
426,4692
2917,6877
6101,7100
3945,6094
421,1384
2725,6789
2031,7107
5127,5632
2761,5670
5274,7488
1747,2371
7237,7398
2513,3715
3400,4554
429,2195
1376,2140
2386,3317
5117,7566
2229,4369
2093,4163
2576,6724
3305,6646
5461,6529
1455,3360
2892,3555
427,5090
1898,4673
2158,6207
3409,5537
1442,3538
1098,4042
1497,5454
502,6330
2392,2854
3325,7153
3107,3515
2707,3715
930,3970
3125,4198
2691,6941
3039,6399
1454,2191
6196,7352
3141,6415
1574,1649
5578,6459
2201,5079
3950,5612
5111,6265
729,1848
1616,2366
1312,2497
699,7353
708,2140
2207,3240
351,2241
3509,5803
3597,4908
1792,2576
2955,4785
4355,6396
5226,6556
3738,7405
5047,7315
319,6387
1129,5651
1971,7532
1734,4249
1474,2229
4146,5314
2998,6379
1789,4636
2705,3263
471,7402
2028,7498
5497,7123
218,4250
1882,4691
4042,5638
3624,4347
2189,4348
3096,5241
2434,7187
1068,1622
3346,4348
1636,3632
3450,6985
2835,6565
2337,6905
3221,3962
389,998
2838,4626
2965,6138
27,4329
3893,6416
3789,4839
1,2204
2694,6115
49,3400
1447,6217
1792,6967
3562,5414
1284,3575
1334,4901
5963,6081
6978,7322
1474,7553
1728,5598
4000,7083
543,2637
436,7129
296,1278
4280,5725
2419,6542
4528,5063
9,4481
3330,4929
178,7123
5577,5610
169,3772
887,3400
2734,7237
4876,4900
4895,6135
2050,6120
1216,6925
766,6544
5007,7418
1644,5274
868,3546
131,3103
2744,4211
3555,5526
2088,5706
6365,7001
1731,3080
702,7559
1945,5721
183,3969
3090,5564
4849,6367
798,4614
5988,6073
178,2787
3222,4254
2460,7146
1376,4338
4298,6673
1250,7361
1230,6973
6772,7199
133,724
366,6970
5347,5872
1973,4691
493,4732
6175,7403
2326,7272
3364,7071
4007,5127
47,4146
3895,7482
3920,4544
221,5734
1317,4246
5665,7021
2014,6146
1921,3355
1089,3792
4294,4811
3499,7575
2847,6912
213,259
3792,6252
1425,3021
2847,2878
1150,1731
1859,1872
3078,7339
5988,6993
4785,5401
546,5734
296,4189
2387,7571
2730,3550
1559,6087
4167,4476
3521,4175
296,879
792,5854
1310,2515
232,5127
955,2145
1943,2591
205,6800
3961,6891
75,7165
3530,6577
3530,6738
4809,7575
667,2800
3597,6105
101,3873
4904,6712
503,1891
3715,5966
1658,6925
1544,7266
2370,4460
842,5013
2986,7595
427,2876
5192,6101
378,2734
1127,7490
1721,5215
3381,7569
1440,2420
2832,7046
2510,4119
1632,2858
5657,6477
289,2624
2337,6337
3038,7443
4604,5525
2494,5944
2615,7064
1705,3103
763,2571
406,3464
3333,3499
2036,2832
887,7224
2629,5751
1466,2755
4785,7011
1902,6074
1348,2488
7101,7571
3533,7526
4579,6247
1005,4162
235,2896
888,4536
2805,5921
5359,6101
6270,7604
4222,4811
3836,3946
340,3348
937,2348
6509,7173
5694,6326
780,6021
4013,6797
1398,6471
1185,6672
1107,7551
4769,4785
1633,5318
4174,4210
5578,5683
2998,6799
4883,5831
3492,5630
2359,3813
4454,7282
635,2784
6256,7550
1144,4093
3900,5127
2542,4785
5274,5534
2510,4926
1559,1921
5712,5761
2510,4464
3964,5414
1300,3817
5671,7132
1763,4154
253,6164
2541,4125
1149,7533
4433,5720
685,3708
378,1779
2615,2982
2005,7028
1909,3169
221,1497
30,5854
3524,4801
1769,7340
3095,3876
2201,5063
2238,5854
370,7568
1734,7153
2310,7573
2689,5845
725,961
4039,6689
5362,6728
1349,2626
753,1774
1113,2334
2083,6140
667,1180
1973,3636
395,1966
378,2876
1931,7359
484,4211
524,1417
2892,3224
473,5556
936,4324
131,6446
1932,2707
1995,3255
33,5095
2140,2914
2854,6460
2678,7314
1651,5709
5274,7580
4000,4804
5224,6755
415,6390
519,5384
4754,6014
1316,3826
6666,6797
3210,4356
446,1665
2308,4931
1476,5679
4720,7489
2259,2513
1331,1675
3829,5862
3350,6743
1941,6583
2500,6932
5668,7571
6530,7622
2318,4309
1046,5587
1414,3186
3653,3946
838,1002
421,958
4602,5766
2559,6070
778,2289
4544,5654
2470,7286
1592,7063
135,3679
2982,5857
3822,3855
487,5138
58,1150
3513,4880
2734,5388
5356,6709
3597,6100
2399,5466
18,4212
1678,7237
2580,3571
2254,7237
5110,7141
932,4298
1859,6729
1008,3155
1457,3008
2725,6792
3766,6092
1232,2168
5597,7224
566,1077
18,421
3360,7123
1219,3023
4516,6940
2854,2888
1677,6323
1039,6391
1093,7015
4555,5352
496,5930
380,6369
85,5753
136,4883
216,4019
5663,6673
1718,6175
1449,4869
527,1119
2037,7141
5128,5394
3948,6236
5923,7188
2746,7028
380,3968
715,4277
4941,6634
2885,3470
1948,6304
1021,3873
2028,3038
4338,5370
2939,6929
149,5443
1711,7090
1114,3468
5848,6047
5527,5682
5127,7618
1642,2341
2790,4904
3198,3504
13,2266
3544,5362
3693,6840
5872,6510
4710,6153
228,1179
1001,4618
1555,4883
1393,6792
418,524
774,794
3530,5734
1216,3520
3047,6870
1536,5235
3042,3747
6201,6623
4356,5318
38,6288
7141,7536
2194,3633
2690,3341
409,7052
2967,7602
4364,6668
474,2944
474,2160
2337,4033
1230,5894
3788,6147
1129,4797
2468,4211
3853,7492
2944,5654
4000,4554
594,1746
4704,5036
2731,7506
3530,4880
951,4980
1649,2528
1130,4442
1658,1752
5543,7595
2156,3084
2160,7014
951,7187
3231,6755
2673,3948
6233,6379
4180,7141
3735,5455
5668,7534
1902,4668
1849,4206
1958,6217
3005,3865
2586,7215
6585,7237
661,7489
2933,4931
2992,3172
1956,7565
1849,7569
3020,4257
2160,2586
855,6653
1240,4444
1678,6797
4602,6471
5708,6461
3755,5094
958,4426
2912,6583
6002,6641
2037,5857
3155,5277
860,5131
2424,6378
1799,6968
702,4771
3833,5314
3904,4943
183,5968
5174,5857
524,4391
3701,4935
1650,2744
1321,5915
5578,6823
951,2878
2040,6887
5137,6954
4602,5249
4312,6633
2337,2511
290,4069
2014,5978
5610,6419
3020,6572
3725,4232
766,4691
970,6355
806,4036
2015,7064
1531,4804
6144,6583
2062,3344
2122,3953
766,1506
2751,4624
3616,5242
32,2195
816,2757
112,3876
1462,2800
6317,6703
3250,6495
6178,7583
5963,6597
3410,3545
2029,5644
1718,4124
4967,6797
1677,5828
378,3108
1605,3231
4657,6412
3032,3783
2892,4122
31,5274
4506,4785
5958,7199
1795,3906
5643,5998
739,3286
136,6639
972,4095
2260,5725
6110,6924
234,3592
2510,6906
2238,3240
1685,3726
6617,7386
998,6233
3521,6623
2645,7274
1494,5360
999,5359
2014,5769
109,3039
2799,3755
213,5192
6891,7237
7028,7607
2707,3483
2684,6556
4174,5970
3330,3552
494,1932
1680,7513
793,2028
3701,7237
2787,3400
5720,6463
1047,4303
1447,6958
4125,7482
486,4912
4039,4319
7127,7237
1677,6056
1132,4433
2124,5346
2977,4271
409,4257
1945,4506
3040,6593
1956,3349
879,3781
440,4098
4366,7116
5899,7080
1614,2880
3080,4455
5334,7224
898,1903
3080,5095
6870,7237
1555,6891
594,6004
285,6941
1528,5189
1187,4009
2172,3615
5128,5512
3833,3845
2265,2790
7052,7413
840,4019
2842,3497
136,6931
1470,2502
221,2897
5612,7257
2963,3416
987,1684
2451,6101
1509,4716
179,7340
2636,7357
887,7339
3701,3948
4525,5168
3471,5402
3761,7126
3564,7334
1894,7552
3399,6842
771,5587
3569,7199
370,2404
3360,4785
3653,4550
89,6757
5711,6425
2265,6500
3568,3597
1255,1479
562,5058
3043,5345
2666,4556
3753,4935
2725,3240
1359,4955
840,5508
951,4809
4353,5269
1559,2707
1376,5581
3228,3400
5047,5686
1280,6931
6549,7432
1665,6860
4210,5970
1363,5817
1326,3430
2460,3073
662,5025
2863,6529
416,7521
1232,5314
542,1531
2878,3108
33,1150
2450,5208
2036,2158
5057,5619
707,4919
4754,4809
2974,7100
1941,3162
253,4263
1401,6628
335,1233
1958,4640
2039,3345
2222,4785
729,4756
2510,4357
4146,6770
6326,7578
4479,5370
907,2838
4319,4941
1334,2238
259,2260
4032,5360
5343,6597
2015,4606
792,4785
3041,4785
2615,7106
2510,4052
5268,6451
1025,2036
1471,4146
2707,5159
524,2835
3432,3496
2051,4447
2331,2422
3054,3091
3850,6078
6111,7225
2060,4852
4969,7296
58,5108
433,2415
5561,5630
609,4452
3240,4281
2140,4084
5274,5940
3411,4868
3809,6207
2935,6542
2443,2569
4096,4426
4376,4840
1228,5872
1698,6309
1334,7284
4021,6369
1897,6775
5250,7100
524,7536
1424,3424
4817,7359
51,7135
1865,7285
324,7437
1057,5727
462,2874
3842,6544
1970,5370
498,2306
296,1844
708,5850
6592,7338
3701,6797
2591,5343
3751,4332
2758,6814
1255,4112
2672,6851
473,2476
827,5632
324,1752
524,5355
6175,6367
522,4671
2013,4560
315,4705
859,1017
2510,3147
3598,4164
726,3431
323,3666
367,2767
1921,2075
847,2014
1720,4967
1665,4550
1005,2420
114,2848
406,2725
2725,4900
4246,6887
1218,1383
4679,6677
2871,7284
2617,5518
524,3390
3047,5556
1937,2790
5706,5894
290,7484
997,5248
5922,6137
5802,6644
1453,4078
4359,6687
4175,7230
2452,3504
4319,5245
2972,6419
3138,3632
4155,6365
1129,3597
4032,4691
3702,4797
6786,7228
5701,7595
2501,5891
3584,5833
2892,3157
4524,4900
683,6894
4611,6239
1509,2790
4578,5176
6759,7178
2648,3498
3042,7498
1838,5854
1009,7226
3530,4150
1709,5884
635,2456
2734,5479
1973,7074
661,6408
4994,6002
2988,4302
6654,7621
2703,5386
543,4164
2143,3944
715,5111
3942,7363
1559,2591
2897,4163
4359,7350
2848,4919
2184,3103
566,4916
4785,6144
810,2711
225,6260
1455,1528
4136,6118
1973,3620
429,1305
1376,2557
784,3324
998,3920
1722,2750
2615,3557
3210,5993
1937,2884
1782,4503
3240,5556
31,3418
3097,5048
2835,3213
1952,4745
766,6269
451,1891
5303,5368
4114,5079
3273,7163
652,4126
1107,1278
2865,3251
1438,5127
1358,3733
4900,7226
3716,4614
4928,7224
2961,7173
406,951
5343,5551
3145,4967
900,6656
5350,5543
5097,5252
1647,4929
4338,5822
1271,5210
4452,7488
2132,6577
2851,5268
4727,4985
5536,6105
999,6113
1509,4860
1621,6338
2170,4800
4008,5455
4505,5268
1057,3309
6650,7019
4211,5127
6736,6909
3708,5146
1496,4527
1451,4785
2374,3251
113,5090
107,3450
1057,4729
6120,6905
524,1958
1903,5042
3986,5673
488,3948
3022,6529
3039,4307
1879,4485
3399,5683
2161,2236
369,4149
213,6016
221,6888
3681,7263
3750,7461
1446,7585
2452,2734
3240,5402
3381,7587
4369,5623
112,3381
1893,3459
4393,6762
167,3906
3500,5675
3077,5180
110,7001
3948,5461
452,2992
2474,4783
1349,4141
1301,6929
271,1434
2039,5764
4359,6207
6314,6938
842,7037
2280,2488
1287,6602
1474,3497
3509,5775
3968,6543
2616,4561
1713,5717
1902,4455
2132,5274
290,5750
5111,7226
3564,6270
5178,7334
378,4843
1313,5643
1622,4785
698,5274
4451,4636
3602,4126
3356,4046
4036,4211
5333,7104
524,640
2713,5404
736,1650
2389,3384
5371,7163
2238,4900
718,5640
56,7214
4035,6477
614,4666
3251,5388
184,3680
5676,7162
645,2516
3197,7211
252,524
1618,7501
3893,5764
2510,3503
1345,6145
887,1141
474,7604
1645,3262
1234,3597
1328,3949
2640,3530
879,905
5319,7601
3450,6135
3264,7237
3790,6673
3756,7621
1496,3853
5440,7403
3105,4986
1795,4428
2971,3325
1665,5979
2341,3715
5079,5402
928,2629
2259,6568
3247,5446
2207,3211
866,5047
3671,6641
1742,6703
2998,5875
1057,5423
290,6140
571,7009
723,4572
524,7001
5527,7573
4795,6591
2476,5402
4353,4851
5343,6519
188,4206
2,5303
239,3663
1849,5655
1731,7481
1831,4582
473,6193
3360,5220
6361,7017
3659,6789
3418,6136
2140,6226
2340,3813
3873,4536
3696,6562
1626,1650
1941,2058
1830,3384
1673,6924
5875,5962
674,5703
1119,1956
3341,3360
1170,5097
2039,6416
212,3446
817,5687
4674,5664
524,2696
1698,3686
5966,6139
3504,6105
2641,3873
5988,7141
4626,7287
955,4246
3830,3860
1203,4868
4095,4765
4923,5740
1937,2266
2256,5104
1474,5207
2695,4855
4805,6246
4176,7545
3400,5526
3387,6105
854,5526
1937,7533
6148,7256
2510,5336
2600,6373
904,3446
349,6126
709,4700
484,504
1025,2896
3080,6012
1132,3820
5328,5985
381,3005
3530,7030
5573,6330
474,3469
4377,7237
2995,6272
1742,5110
1713,3387
1239,3823
6227,6407
2614,2790
1650,4870
5920,6673
73,5455
2205,5308
1214,3471
2265,4521
2142,2217
505,765
2744,4536
1949,6842
112,504
6101,6850
1850,6086
3516,4476
1381,3047
1223,1937
212,1786
2521,6048
524,7533
2160,3282
1891,6467
3766,6785
5872,7623
5915,6205
4071,7512
283,5455
2710,7587
1085,2159
306,5610
260,1849
3880,6431
2308,2826
2416,5677
3350,6206
1280,1632
3499,5494
349,4394
4561,5606
3240,3256
1247,2887
6566,7046
1009,1706
793,3853
3127,5851
2707,4309
3920,5491
2615,6584
2583,5007
1434,6398
358,4567
2029,5079
2727,3389
1381,2870
2995,3530
383,1132
704,2236
18,6436
3285,5549
3330,6259
4985,6425
348,3728
4511,4657
3120,3564
792,1921
4667,5115
1705,3497
16,3324
13,6565
1223,3316
3022,5370
6186,7306
674,1321
602,7105
1262,3398
103,3773
2711,3604
4900,5020
1585,5607
5536,7532
473,2725
5610,6312
3612,5335
766,3735
3450,3900
1275,3951
1723,4326
1937,3557
16,5725
1300,5578
1571,5948
66,5605
2529,6463
4356,4423
854,2828
2751,5578
2248,5314
3260,6303
4563,7460
3309,4847
102,7226
760,3855
6792,6870
4350,5454
1213,4916
4933,6941
5578,7522
3463,4738
3181,3542
1902,5745
5578,7435
358,4034
2854,3547
3757,5074
3450,4319
1509,6882
685,3701
2543,6780
6032,7484
1670,4745
2170,6859
1312,7228
6234,6697
3309,6262
2705,5641
444,2184
3038,6787
1281,2787
4453,5011
546,3095
3544,3961
2499,4899
6757,7477
605,3039
3381,3544
1016,7397
3108,4086
5188,6174
195,2854
1945,6519
1937,4606
433,4002
1571,7610
192,6101
4721,4910
2918,6880
2548,6817
3545,6767
427,2083
4776,4975
3259,4958
1887,4295
1544,6873
5394,7165
2477,6549
2510,5168
817,1849
5712,5893
2591,5963
4931,7533
2501,7424
4904,5857
4671,5791
3897,7579
5370,5822
3970,5561
6201,7604
3757,7369
838,3240
5743,6888
2433,2730
2476,2648
1817,4770
6207,6408
290,1678
167,667
4033,4319
4114,5759
473,2556
4259,5391
843,3551
615,5646
4309,6519
2217,4304
75,520
569,3904
3499,6146
3775,7199
2014,4055
7,428
4804,5510
2618,6724
465,7284
3578,3670
3342,3530
3946,6519
2162,4800
4622,5526
1543,4900
433,3237
2510,6489
3920,5675
3129,3138
3360,5168
3708,5479
112,1571
4598,6409
2283,5665
3807,5274
3071,3426
4131,6446
6276,6539
1527,4470
3845,3855
63,4616
1558,2627
216,6911
1560,6818
427,1334
2017,6991
2402,7619
106,296
2897,3285
612,2745
484,4125
524,1320
1372,4219
212,5722
4785,6494
640,3678
5218,7224
3285,6921
6347,7002
4162,5578
3288,6436
2242,3251
5764,7076
299,7030
1150,6446
3644,5079
4455,5974
3557,5355
2743,2887
2902,6744
406,1348
418,5642
45,3340
3450,4334
1799,2961
3184,4452
311,7171
1135,3472
5597,7289
4720,7294
2470,3291
4995,5737
187,5745
2118,6241
4097,4595
2832,3855
3075,5277
2624,4880
5586,6617
3317,6241
2452,6108
4151,4561
985,1016
4032,4793
2997,7381
3121,7224
1685,5108
1348,4809
5227,6938
5014,5370
4319,4450
2083,7606
2473,6973
1794,6298
4008,7435
4125,6955
743,3986
1334,5121
4433,7395
378,2725
3453,4426
1436,2854
241,2747
4204,4607
7217,7415
1119,6101
2083,3240
597,5223
3542,7156
2096,2891
640,2835
3970,6886
647,4928
295,4257
2381,4842
101,3698
3817,3911
3284,5855
1165,5026
1606,6519
6238,7100
9,6441
3670,6135
1994,6974
2107,3381
306,2832
682,3460
1724,5304
2229,5192
2029,2644
1249,6907
4970,5454
1057,2109
136,3504
354,2011
4455,5047
3584,6820
553,7621
337,2540
515,2004
864,2916
3171,7237
228,2458
54,1005
1351,5127
2459,2964
706,4989
1519,5313
854,4393
6217,6298
1329,3889
1897,6502
2080,6101
4433,5687
6241,7351
5127,6951
1794,3557
4851,5854
1738,6062
3216,3450
569,1618
2390,3621
4058,5111
1271,2510
671,4847
1329,6463
2761,3038
3986,4309
1262,3786
4754,7237
2775,6648
2745,5186
2644,5769
421,5706
2854,6684
949,4433
5534,5555
3397,7548
1879,5881
6495,7519
817,3873
1571,3381
5080,6424
1932,3943
1448,3056
3615,4886
1678,6193
609,5127
2615,7454
4148,4929
2979,3770
4335,6639
1943,2125
5018,6022
454,2902
3599,5132
2818,3341
3044,7305
598,2387
3584,6255
5857,7536
3804,6718
1761,4256
6165,6728
2170,3080
526,3211
3212,7472
3350,6546
452,4341
2298,7534
2029,7179
4940,5447
3108,5090
2212,5178
2524,3103
517,5040
4809,6792
883,3818
492,2616
486,2515
3042,3945
2254,3597
2890,5427
1845,3208
6267,7602
1265,1795
3715,6519
2154,3954
1305,6378
6380,7059
2137,3154
3157,3769
291,823
636,4704
6958,7360
2058,6800
6101,6763
2892,3400
4537,6752
4716,7536
3103,5658
472,2994
3167,3991
97,7350
483,6848
891,4612
3774,5895
743,3108
1075,1689
1838,7490
209,4056
5090,6792
4364,4602
1610,3460
5010,6593
3507,7162
821,7009
4146,6721
85,3444
367,5548
2420,3565
5312,5370
367,3165
356,3039
3081,7398
981,6058
120,3086
3230,6476
1785,4811
2863,3822
936,7232
252,3557
3285,4211
213,5463
6421,6547
2892,3946
1381,3108
1804,3680
2707,3495
4726,7569
642,2515
4243,4704
3329,4344
3164,6867
1568,3725
4563,5063
3902,4124
251,601
1508,3062
3178,5631
1574,2693
3087,6582
1376,6724
2550,5610
3979,4198
3865,7334
4931,6321
4019,5851
2122,5532
3597,5392
49,6096
5822,6108
2259,2591
1842,6027
410,3597
4187,7050
711,4095
1854,3561
337,1935
771,4338
2560,7459
5283,6887
6405,7621
3845,6202
933,1065
249,4052
1905,5308
2790,5174
2259,3715
3,4319
5446,7352
3953,4443
2831,5820
161,2629
6054,6438
4355,7225
4811,5194
209,7237
4312,7436
5308,6424
998,7334
998,2160
3625,3687
833,2854
133,4149
2988,4637
2744,2967
2380,5372
5095,6567
2510,2596
393,5063
1624,4511
5065,5876
2643,5910
264,6323
3769,7204
1677,6126
6,342
1650,7368
3777,5821
2858,5694
3108,6654
504,2967
4335,7284
2551,5197
3447,6330
2959,4900
1609,7099
1799,4248
2524,2676
112,3667
6846,7433
3437,6419
2308,6785
2798,4086
2004,6337
2942,3544
2676,5867
3445,3957
41,3562
1056,2586
2994,6955
1642,2474
1665,5307
1376,3450
3758,6566
5892,7256
1355,5386
1691,4543
6108,6891
985,3452
1624,6566
2683,3077
1087,7071
2023,6355
524,4784
524,3950
3022,4479
1879,2630
3347,6476
287,2815
5828,7235
3450,3667
6339,7416
346,7041
1017,5674
471,2576
1005,1509
1312,7175
1297,1407
1606,3272
3432,7255
6640,7579
1691,5293
708,5557
3399,5612
5543,7545
5876,6969
2547,5646
1745,7405
1905,4927
3105,3715
3430,3822
183,4937
2056,7352
2840,6955
2478,2736
4883,6891
4336,4384
5115,7579
3822,5324
1817,6423
2040,4246
3056,5761
3450,4765
2289,3951
3873,6724
5428,6280
2376,4811
1223,5857
2467,4895
550,4280
2289,2947
6037,6381
2913,3267
1849,6118
3633,3752
3529,7270
5394,6399
1316,1665
3,6046
320,629
113,7179
16,6323
110,3024
98,6441
136,4919
1337,7237
4163,5274
4447,5106
3103,4228
7128,7279
628,6581
1887,7308
4685,7610
2745,3714
4092,5536
187,7122
1792,6207
3597,6870
3222,3450
1008,6378
3437,5874
1946,3198
325,2711
232,2107
6794,7123
6510,7334
711,3755
4399,6446
5776,6946
4121,4785
1658,6043
2637,4162
1645,6891
4102,4593
3241,7332
1250,3729
1767,7458
1626,3442
296,1275
1111,6014
7188,7445
1090,4960
4086,5402
111,1621
2782,7225
4994,5463
1540,4373
793,1304
4338,5791
4013,6141
2306,3145
178,7498
2591,6487
1265,6284
3147,3400
3853,7090
3833,4359
543,6000
369,2091
1453,2368
912,2571
2753,6341
3873,4880
5543,6648
2367,3597
607,1020
2356,4443
3189,4452
5683,6217
3173,6668
694,3279
4085,7052
469,2480
2233,4204
501,6233
3263,7028
3392,6821
438,907
5134,6836
723,1787
3368,5277
4086,4754
1015,1674
1334,2798
3117,5208
291,7568
4593,5297
1672,4931
1650,4289
2783,6884
5854,7202
1207,1665
2843,5578
1594,2711
1792,3138
3669,6140
194,6372
75,541
3021,6556
3500,6476
1698,4257
538,6427
4785,6832
1795,4457
4133,5618
3506,4811
228,804
381,1706
1558,5466
1066,7028
2450,2643
1729,5396
4785,6585
2510,2892
130,5033
4466,5632
3544,6147
667,5303
4695,4798
3341,3937
1005,6323
891,5178
3565,6002
1232,3833
1054,1080
2420,3080
763,2798
2899,7435
5453,7224
3341,3824
1636,6852
892,3062
290,6666
29,907
4785,5200
2644,6369
2828,4785
6417,7054
47,397
5894,6617
3814,7284
1734,3182
1741,2557
2085,2790
4602,5844
2820,3002
3558,6274
409,615
5671,6235
4455,5463
2896,5065
1665,5218
3833,7294
851,5402
999,1468
2337,3330
2644,5854
2428,5527
503,5079
5907,5935
2418,2871
3029,3073
85,4658
4851,4901
4742,6399
2160,2944
6207,7489
3597,6792
3341,3997
1450,5099
2564,4329
2515,3331
3047,3240
571,5671
4088,4833
6016,6720
1665,3824
1555,3756
1049,1527
718,2519
2892,3836
101,2391
3382,6180
391,2513
4238,4846
4073,4721
1919,5909
1338,3330
5764,5851
2151,7425
371,5414
2347,2985
3196,7468
3437,3845
4090,4680
1534,3530
5643,7260
6211,6335
739,7075
3062,4637
2618,3658
1498,3301
1340,3224
3221,5292
1388,4385
1721,3998
378,7237
2356,6877
1677,5457
151,4315
6637,6991
960,4785
1025,2319
1678,2476
1284,5303
4046,4994
4854,7237
6016,6110
6023,6296
1534,2679
2485,7414
2170,4691
998,1677
2892,5013
4704,5876
110,2199
5095,5162
3335,6621
4433,5704
1904,2664
5446,6378
7313,7573
2229,5725
4298,7569
3632,6645
2646,6936
2470,4348
1174,1524
6836,7009
857,5578
2470,3575
153,6041
2943,4671
2354,7216
5988,6958
1148,7378
5011,6470
4298,4452
3867,4876
1618,2854
5127,6046
2535,3888
7046,7162
290,2876
187,3565
290,4086
4811,5740
5543,7030
3566,6032
2387,2800
3652,4650
1898,5646
4741,6022
3127,5152
3121,3945
5578,6367
640,2308
1273,4335
4922,5833
3371,4359
3042,7224
3732,4444
3080,3620
5811,7224
799,1017
5095,6339
2510,2957
5038,5479
4955,5013
933,3854
675,1641
4039,5802
4886,6970
2738,4887
729,4993
1729,7584
5857,7001
603,5253
2700,4743
4145,4364
1902,2850
1763,1795
131,3852
1300,2962
2988,4735
3233,4819
1958,3678
3500,3738
120,2144
3181,5543
951,7075
6129,6990
358,6477
4056,5817
473,6891
378,6108
798,3768
2870,4841
1861,6369
5586,7554
3474,3928
2014,7282
1297,2289
175,3666
213,2518
2326,3968
3786,6408
4435,5414
2201,6168
1594,6640
1746,6300
3341,5768
6108,6142
1624,4865
2966,6297
1956,6622
594,2906
953,2197
4899,5857
667,4428
2122,6339
6446,7184
1057,7351
898,2893
810,3604
2337,5254
1700,2775
2949,5688
1209,3460
729,2891
3130,4986
973,3330
4004,4868
778,2217
4069,6146
958,3921
3536,7220
5857,6712
895,7421
1125,7339
244,6280
4931,6249
5454,7394
5632,6154
2083,5556
2434,3961
524,7064
700,3572
3303,5396
1622,2707
5301,6617
98,3900
6475,6606
1155,3181
3530,4298
5339,7089
524,6866
1776,5957
149,5578
1956,4355
3006,3424
1982,3768
112,4270
1632,3597
998,4612
1300,2781
2201,6664
1396,7086
95,4330
4104,7287
3528,4515
6300,7352
640,1902
6633,6707
2014,5651
2337,2854
3381,5598
406,5564
2254,2262
3300,5195
2212,7623
1856,4257
704,1820
647,4550
3544,5363
4039,4411
3080,6101
1005,3842
1537,3852
2585,3530
2510,4835
1107,1275
6263,6532
904,2217
2711,6598
4785,5728
3160,3680
1705,1973
4900,5854
1671,5159
338,7048
341,3450
3759,6256
1909,4148
54,3994
1179,7592
4015,5377
1958,5612
550,6339
2386,4602
348,4436
183,285
2456,3617
3798,6842
704,6424
4146,5378
1119,5192
501,4717
5345,7104
2615,4396
1017,3597
725,3965
1535,1734
827,4880
1291,2017
29,543
998,3857
3450,3596
3906,4933
1259,3750
6217,7533
1381,4144
5008,6769
2444,4907
279,3597
4009,5142
6712,6785
1848,7416
902,5640
2854,4039
4811,5558
2800,4886
1257,7549
4662,6893
2998,6623
1008,3204
358,7465
32,5206
630,7119
1230,4968
5627,6524
2686,4460
524,1794
1563,3625
667,5814
5876,7350
3666,4811
640,6818
6419,7489
1698,1774
5317,6797
521,4320
1044,6666
6207,7016
3701,5713
683,2029
1536,6070
2244,3759
1180,6795
4531,5865
4212,7313
2381,4912
2196,3277
1937,5612
2273,3151
3080,3813
2015,4432
1429,6637
1794,6217
1987,6155
4248,5425
1542,6839
2015,4356
1634,5461
3556,6146
3912,6313
7032,7079
1718,3953
865,6685
3181,6824
3097,4330
6938,7448
4291,7098
438,3988
4931,7536
781,3654
1509,3336
1945,2305
1933,7001
4162,5485
820,6559
2644,6156
3227,4130
4785,5419
1792,3129
2454,4899
730,2094
2328,4209
6510,7604
3715,6470
3725,7498
260,2275
3158,7581
2170,3620
1508,3141
4319,5410
1349,6339
1849,5534
1711,5210
5040,7558
7075,7490
1250,3906
5047,6374
3404,5676
2368,7435
388,7301
2896,5925
4176,6520
2773,4452
346,1724
4426,4868
1219,2096
3584,6297
4691,7364
5173,6259
2761,3463
482,4916
4179,5854
5823,6418
1497,3342
2134,3857
916,6668
1897,5372
2470,6160
75,4673
1555,4900
1945,7083
4433,5823
768,5205
521,1166
4694,5813
3022,4900
2513,6519
2693,7235
4657,5956
1260,2644
4309,4507
3073,6589
4397,6564
3824,6883
2867,4929
2874,5411
4099,7486
3350,4022
2016,5758
1674,5703
2878,4754
1284,7279
1600,1899
5335,6851
4165,5454
166,7024
3920,7230
1166,6574
3858,6622
3530,5680
2972,3822
1848,2370
1629,6519
2286,4086
4691,6012
827,6955
3738,6476
4195,6001
4775,5746
213,612
1103,3597
4315,4784
3492,7100
5108,5955
3571,5292
1503,6481
6065,7162
5543,7500
6446,6544
2442,5939
954,6250
1792,5993
1447,2835
2091,5377
1668,3650
3184,3530
2473,5637
2160,4544
2021,2260
1642,4785
471,4511
4404,5564
166,2516
5578,6810
1559,3612
824,7061
4719,7157
2551,4947
994,7604
2265,6217
6,1834
1924,2848
1891,6797
2529,5539
1012,4069
4164,4626
3235,7019
309,4276
894,1359
4141,5072
5455,5600
110,4640
3450,4095
2515,6724
2473,2535
448,4871
4919,5944
1734,7550
2347,2385
1858,6344
454,7028
461,1520
3847,4636
1787,4338
4860,5988
131,5455
3880,4234
161,3888
2967,3873
4411,5918
5612,6712
4023,6765
1215,2422
4733,6570
355,6918
645,5578
3084,5060
955,2045
1940,2404
5411,7488
7237,7575
5411,5557
1025,5324
612,2192
421,6617
1223,2615
1230,2788
778,2458
4136,4726
2985,6427
4544,7334
2366,7302
1920,6912
4150,5581
1553,5543
5557,6738
3056,3584
1891,5759
1481,3112
3038,5597
1165,7600
2988,5353
3087,5856
6538,7035
1426,5625
4416,6234
179,6936
2452,5530
524,6993
464,1371
1778,3320
1016,6383
538,7489
2897,2967
2981,5510
1146,7030
360,3251
6519,6653
1632,6343
749,4611
524,1223
1401,6674
3721,7504
951,4900
4402,6536
2142,6026
5754,6241
2775,3790
4323,5534
1728,4966
3181,4946
608,3751
628,3073
1838,6554
3042,6094
2096,3293
3484,4081
2848,6031
2422,7219
3038,3194
1262,4146
2740,4888
3969,4558
887,4549
161,4085
3623,4959
5969,6791
3045,7604
120,2276
110,6546
2993,3880
1776,2492
3097,3853
1522,3518
6321,7533
2854,4483
136,5392
299,1346
1689,3360
3251,6552
1552,6185
2566,4376
1132,6125
3961,4880
5231,5578
886,3269
5079,5822
4673,7079
4967,6642
1149,5857
763,5854
5671,6259
1932,5474
2326,5402
3755,7618
5399,5717
1394,4491
5644,5713
349,2524
4801,7199
2170,4376
1897,3186
3189,5663
3571,7199
135,2510
2130,5857
2147,6101
4145,5547
875,1255
508,7156
3042,3360
32,4845
4561,5218
2980,7529
3227,4555
924,6666
4336,7153
1848,6200
7149,7287
1859,4256
1372,3171
961,7400
2780,7402
1956,5532
9,3843
2659,3855
406,1831
500,2870
2458,4906
3254,6405
1890,6088
3873,6054
1118,7163
633,1941
3265,5586
3162,4928
4959,7071
5556,6870
4981,5455
1430,3726
3422,6075
194,882
3056,5174
989,6824
473,2083
641,1657
515,2579
5319,6022
6851,7295
1636,6876
290,6142
5875,7604
2988,6966
6320,7424
4785,5091
2390,3090
3538,5527
2031,2556
2259,6597
1845,2418
6245,6888
3484,7345
3288,5521
4140,4811
1020,7374
1005,7013
3108,5257
3196,7579
821,4555
898,6449
5613,6671
3350,5242
2615,7536
2056,5215
3418,5996
1721,3855
5826,7484
1102,7359
3689,5108
2020,3855
5610,6065
437,1445
18,6816
1488,3439
429,1166
2791,7237
3478,7527
1097,2199
694,3565
2421,4277
1231,3798
1348,3961
1645,6293
989,5942
97,3126
7199,7339
5922,7534
3530,3755
2327,7009
4078,5390
5127,6921
710,4763
1277,4316
1553,3910
368,6446
3382,5968
3530,7587
4033,5371
3579,5960
524,1981
3822,7162
5106,5851
1479,3961
1932,7479
2164,5867
2056,5446
106,1137
4431,6476
2659,3845
3829,7138
3632,4359
3410,6544
925,3210
4985,5373
1063,4016
958,3987
996,6562
7118,7199
2164,6424
5168,6414
4426,5706
1129,5548
257,5277
4119,5709
149,2627
897,6670
1149,4931
1633,5115
1845,6147
1136,7039
3418,3737
1099,5261
1137,1786
4623,5803
1471,7294
4319,5127
131,1677
3817,5725
2229,2626
55,494
4811,5175
375,3634
1618,3210
2798,4809
1310,2093
1381,6141
3945,7123
2499,6092
1752,4254
4607,6280
3833,4511
3904,4785
5866,5990
5203,6515
239,3376
1275,7592
6712,6812
2259,5334
136,6388
3414,6446
2835,3390
2170,5359
3240,3498
2476,6105
2804,4680
1511,5703
9,6053
302,5287
2262,4459
524,3061
887,3352
1320,2265
6241,6471
5681,6004
2122,7522
1381,2083
1651,1945
216,5764
1763,2059
5854,7575
3527,7266
3052,4033
1665,5606
300,1795
54,2615
4376,5359
4057,7079
344,1947
212,2458
2510,3946
1966,3613
2980,7075
5269,6391
6241,6740
1542,4014
3408,5033
1384,6889
4760,7322
4648,5854
3510,6403
1393,2958
3038,3945
1231,7565
5253,6439
524,1817
5471,6887
805,7237
6130,6507
1321,1381
378,1348
1275,7333
243,6235
1570,3631
1793,3038
1642,7464
473,6789
4163,5127
1622,5724
484,4206
4966,5720
380,847
2772,7143
7333,7592
1862,4837
655,848
2510,3400
1429,6408
502,1559
183,1180
1896,6392
266,6176
3165,6391
6536,7585
4676,7489
3653,7339
2492,5683
1689,3584
87,6115
374,5911
1875,2170
4270,5734
3986,5343
5455,6544
1158,4012
2433,4626
839,3377
803,6382
2835,5731
123,5864
1934,3056
1658,3946
299,817
1806,6838
2870,6912
1761,2968
3574,4847
1920,3701
4007,5274
3751,7488
5814,6005
1650,4876
1016,7199
2734,4242
1348,6232
6031,6146
1381,3659
1650,3450
216,1602
145,5759
4013,6891
290,3961
2707,6519
3083,4359
360,5866
5090,6108
3681,6387
5953,7237
4188,7224
2707,7097
113,6391
2474,5335
5944,6857
874,3905
3471,7547
299,2004
156,2548
5949,7028
561,4875
1547,6361
1646,2082
743,6891
2832,7162
5363,7237
2790,3377
5867,6126
3093,3809
682,5790
3620,3733
645,6544
634,2624
1290,6434
3597,7237
632,5819
1937,4931
5851,6626
5445,6672
2844,4811
2145,5918
136,271
6431,6547
5332,5679
4942,7074
3603,7224
1610,7162
6120,6556
166,1677
3160,5658
1117,2141
2552,4124
791,1808
612,2487
4021,4044
1953,3319
3530,5555
1401,3149
4790,7445
889,1617
6118,7618
729,2058
926,3829
5759,6583
104,5283
1933,3571
3782,6160
1149,4666
1381,6912
389,5962
2201,6633
1867,4761
4622,6614
4021,4500
4035,6514
16,131
1876,2790
2195,6529
1381,6326
2691,7571
122,3748
4000,5484
3530,5205
2600,4416
3341,4151
3609,5454
316,7327
406,5717
2235,6441
467,6304
2510,3853
5543,5864
468,6912
2892,7123
3108,5703
785,5834
3653,5597
708,2873
5854,7075
1166,4330
244,1998
1522,4373
5334,7083
1678,6236
244,799
337,2854
951,5769
3397,7075
2854,4995
1829,7223
6338,7099
268,3750
149,1558
5278,5435
3462,6378
4981,6424
3344,7571
2396,3911
3244,6891
5300,7199
985,5448
1264,6234
2194,3495
812,7061
902,2420
2761,5168
842,3853
4433,6724
3393,4560
28,4900
766,2751
670,5878
4987,7608
3212,4852
113,4754
3743,5568
2906,6529
1214,1367
3509,6478
364,6649
1141,2892
1074,7226
1799,2411
6001,7064
2697,6327
3234,5277
2385,4636
3701,3708
6417,6538
178,4122
473,6695
2186,6403
907,1594
6546,6958
3644,7547
3555,6873
4809,6391
253,7303
3852,5455
1553,7488
1381,6988
5822,6219
106,1691
2031,2238
4452,5743
6640,7468
92,4479
3768,6043
1584,3492
3653,7574
5944,6931
1812,7237
4302,6873
1626,7595
770,1141
1521,3321
252,2615
3251,5556
3112,4599
1048,7488
178,5220
1942,2588
3530,3596
4365,4894
158,2232
4996,6382
757,1948
2391,4876
748,3907
1341,6759
171,2854
4237,4359
3331,4452
5823,6940
932,4914
1817,6712
4330,5815
2049,3276
3325,4105
599,957
2838,4358
1514,4444
3360,3836
2794,4324
997,1936
1401,6540
1931,4589
6383,7397
5635,7339
427,6792
6077,6318
1315,6626
228,1327
2015,5857
600,3564
1665,3653
3679,3715
3450,7526
4852,7492
691,6208
3564,7215
4364,5547
122,5835
1108,3594
2124,2334
1681,6166
5292,7080
4897,6282
1817,6217
2154,6725
1945,2941
1882,4023
763,1831
729,7383
1661,3530
1264,2029
2170,2745
2919,6519
5455,7416
99,1795
1703,4811
3081,3701
136,5111
5769,6789
257,4330
5370,6633
2591,6621
1924,4901
1001,7547
4561,4928
5478,6194
5455,5828
1402,1546
1647,5516
1602,5764
1349,6813
187,5463
4023,4662
222,376
664,7293
257,1610
751,1524
1334,7352
1316,4747
1900,4876
929,5865
3530,4946
4440,5635
6381,6403
3080,3497
209,5854
1348,4712
2028,6094
2122,2996
3852,5308
2711,3598
2037,7452
1937,4899
4034,6077
1933,5047
2186,6792
1316,4763
2128,6341
1376,6468
2912,3912
4511,5430
1381,2238
1856,4152
3681,5944
2835,4723
1665,7083
1496,6621
941,2919
839,5988
3533,6054
2337,3958
2773,3342
5578,6092
1107,5838
543,4888
4502,4870
2265,7141
6787,7498
5835,6562
3427,5006
7012,7507
409,5595
691,4789
2468,5245
3056,3448
3107,5963
4550,5334
390,2259
3022,3154
1381,2213
1118,2337
725,6888
2229,3881
520,958
1555,3669
538,3845
1958,6712
3342,4206
3360,3853
4151,7574
2347,4451
1948,3359
551,1942
4566,6981
3669,5759
5110,5454
282,5643
1362,1734
59,1564
2170,5095
2838,6652
2028,7123
505,5895
4666,7536
2376,5249
1519,7464
4811,7378
919,1131
429,2738
3381,5948
1043,5466
303,5516
639,1367
6931,7237
2350,3162
3349,3421
4097,5658
594,1721
209,2238
149,2377
765,3774
3198,4335
7322,7557
2259,3612
2781,6446
290,2666
7009,7086
2337,5516
4019,6911
5725,7326
1457,7030
4119,6094
5274,6840
2265,2615
3093,7350
2515,3530
1956,1958
4268,6254
464,4212
3530,4163
2158,3855
697,7528
4321,7300
2170,7235
1633,7468
3084,6683
1689,4247
1383,2897
2059,4705
119,446
2788,3589
2899,6273
110,6973
1176,5602
3649,7030
4711,6065
1625,7408
2407,6716
5047,5463
1741,1992
287,3210
2896,4187
484,3876
6490,7520
488,3657
2591,5335
2216,3172
3381,4163
3155,7352
2896,6378
4554,7608
18,4775
3813,5242
3773,4785
1698,6185
3976,5465
2792,5128
4607,6860
313,4609
951,6105
4845,5206
1677,6839
1056,2663
2311,7248
4595,6908
6728,7226
763,2326
6452,7012
3330,3812
5565,6408
1509,6862
2672,3038
228,1297
1872,2882
6568,6956
2232,4397
3582,3759
3920,5347
4033,7513
2510,5473
1689,1995
2499,3061
1510,5095
4957,5539
3620,5095
3427,5267
5314,6648
5514,5951
826,3300
4901,6291
4261,5646
1705,5578
1509,2199
2260,5095
1720,4891
1419,4597
4299,5917
3845,4359
1919,4704
212,7542
47,6991
484,5862
5615,6544
2600,4338
594,3136
378,2724
2637,3565
3136,6378
2741,3604
3309,6241
4288,6182
1875,6001
110,6455
951,3597
1262,5993
4754,7284
4652,6791
3214,5532
2193,6408
6317,7186
3497,4376
2428,7110
2201,3044
2515,4211
1795,4482
1846,3047
4155,4252
1776,6074
1423,6459
1830,4819
1735,6757
3103,6367
290,7237
6337,6537
5197,5578
2108,3331
5364,7296
2065,7487
2775,7610
2424,6305
2317,4006
1019,4353
2515,4726
1761,2145
3212,7199
2805,4183
1271,2707
2790,2933
5365,5408
250,6195
6401,7311
2144,2276
78,6519
3530,3751
1328,2707
2186,4809
1005,3103
184,1973
4125,5127
360,2029
6476,6757
2381,3960
3508,5174
3777,4711
3225,3991
4600,6259
5857,6001
1693,6352
1560,7001
5252,6618
1334,3240
1349,1677
4104,7475
2496,6728
122,3173
3401,4623
5086,7405
4298,7030
2174,5404
1999,7563
4394,6101
1467,7416
920,2524
2798,6140
607,7352
102,290
2637,6544
6200,6252
3653,3773
1300,7068
1305,5832
4865,6566
1799,4127
1312,1936
1413,6339
3103,5455
3737,7336
2659,3822
1555,2734
291,7143
2626,3384
630,6309
2066,5132
2510,2761
110,7315
2036,5909
53,1390
482,1691
2081,2996
1792,5790
1003,4925
3751,6861
1902,6200
3564,3599
2854,4365
407,4012
4840,5183
1626,3295
2576,4359
2614,7141
3855,6378
1305,3855
538,3128
421,3651
968,3845
2289,2882
1384,5638
296,2145
1968,6615
3502,5857
5237,6101
3060,4693
942,4811
899,5020
3530,3771
3544,4809
104,3096
2511,7045
1202,3617
2504,5409
682,1209
5844,7351
1306,5210
6519,7224
713,6537
1925,6514
2640,5543
1973,5658
3377,6818
4900,6639
2473,5258
2848,6205
1155,4030
1002,7606
1384,6125
726,5013
3221,4078
5394,5476
2142,5234
3557,7315
3979,4863
3056,4356
4638,5427
4934,5790
1187,4194
1945,4785
1553,5964
3272,3612
4657,6876
112,2744
6642,7375
33,5617
4337,4393
110,6442
1464,2769
3038,5015
617,1355
5734,6046
866,3502
2117,2566
3684,5702
1060,3057
4935,6146
1789,2576
3400,7563
3694,7270
2403,7127
4108,7237
1415,3450
1713,2029
2480,7169
290,5703
854,887
151,5893
668,7557
1133,3855
715,3597
4778,4978
1503,6345
487,5529
1174,1645
930,7173
500,2029
2199,3766
2422,3103
2591,3107
4219,6953
2586,3469
4394,6126
185,1295
5063,7237
2424,3155
1128,7251
2659,5610
498,3975
888,5274
1560,5355
3225,3700
1657,3345
4200,4785
771,5715
4638,7237
1658,3042
4814,4942
328,2332
3101,5974
232,484
6201,6799
5355,5857
2583,7580
5731,6298
2452,4900
2232,5887
2630,6200
713,4039
6399,7622
5245,5588
775,3077
3198,6388
2259,4340
1380,5714
1219,3804
6974,7140
2252,2456
1887,6806
1509,5857
5370,5866
364,7237
2569,3073
2357,3221
6595,6904
4319,4895
1899,3629
767,3038
290,5651
4034,6851
464,5626
2170,5457
524,839
4957,6083
2197,3503
3845,5610
4083,5370
2074,5856
2105,7213
4623,5047
4014,6839
3530,7165
3948,5096
1677,3356
2517,7273
4607,5159
806,6095
212,7551
3574,5198
5455,6101
827,3450
4208,6566
5866,7012
110,5355
1,2194
4033,6684
1501,7476
4328,6269
2368,6396
3550,7416
6460,7601
4771,7595
3236,4922
524,4315
2036,3855
333,6129
2357,3571
2165,5346
2470,4476
524,4146
837,3584
2401,5629
3786,4146
3065,6855
1701,2204
1157,4762
998,7047
1516,1615
374,5056
2201,5564
615,7462
3121,3360
585,1734
1567,6642
4811,7419
1464,4414
924,6156
3403,6341
5559,7414
1817,7533
1327,7551
1222,5158
1812,7071
2967,3295
3525,4507
3013,5700
1173,6476
2691,6341
30,683
1249,1897
1613,3614
572,5600
3313,5461
3390,3557
1185,6339
6686,7593
1821,3948
5697,6127
1404,4811
1367,3333
1848,2751
3571,6813
110,1937
2361,5392
2848,6236
4145,5727
2133,2603
2600,3298
6503,6940
98,3450
902,5390
1658,4119
1062,2926
6241,7432
5612,6217
2204,3503
1154,4539
630,3887
5218,6296
6317,6462
429,3430
3342,3438
1499,3880
3210,3994
2158,5224
5422,5555
2238,5944
2959,5020
766,2504
831,3103
2272,3520
2479,3222
524,7354
862,7381
521,7159
1626,6267
2056,5277
3025,5278
2199,6712
2162,2772
426,3530
1372,6953
40,4908
1303,2631
4242,4809
1233,4785
1721,1960
3400,3853
2609,3450
1850,5857
3836,4000
7364,7586
5529,5878
828,1232
4931,5879
3047,6031
2186,3165
4641,4811
960,5829
4876,7497
538,7256
982,7610
2646,5498
2020,7469
924,5703
524,1560
364,2734
1057,2386
2883,6971
1509,7533
4909,6720
3797,4873
1334,6391
2953,5355
743,6105
446,3400
4431,7604
2349,6519
3945,6895
228,2947
3311,6784
5962,6476
4961,5597
4899,5988
2467,2874
570,582
3471,5279
1674,5677
739,7237
3038,3653
2317,5670
1199,7488
1005,1875
1598,3855
2124,6483
4252,6365
3571,4078
830,5857
552,4754
471,3833
840,6416
3169,3375
113,1348
2401,4328
3042,4000
2390,3334
1848,2096
257,5065
988,7415
3210,3507
5867,6323
290,6521
564,6632
3571,6990
3350,7233
3597,6369
1942,5604
2122,3016
2056,4934
3283,4120
3852,4981
1689,2730
4968,6339
4119,4426
303,4279
843,6855
1066,2471
6,5856
799,5944
6262,6358
1355,6256
1685,5578
521,6065
243,5254
289,6919
2501,6320
1647,5371
299,643
473,5079
1,2639
429,6733
120,442
2869,4811
244,4754
1089,7509
284,1387
2298,3469
5326,6089
427,4353
2417,6316
1792,4657
221,463
4844,7061
887,4122
571,7132
1799,7480
2978,3071
5370,7237
4437,6283
3112,6567
5592,7199
3209,5355
4460,5578
221,379
6054,7488
1712,5371
3500,6757
6712,6752
1792,2836
2233,7339
4792,4795
518,6905
848,4735
3189,5534
5193,6382
842,953
880,7058
226,2794
3165,3498
1406,2854
3946,5334
3295,3530
802,1350
175,7415
5425,6044
674,2029
3910,4484
5680,7278
6235,7009
5347,6379
149,7126
3921,7607
381,6757
951,6789
894,7339
375,573
4152,5274
502,6519
1119,2961
349,2164
875,1610
3341,3826
1421,1650
935,3181
3497,6012
4387,4650
1804,5396
1430,3080
1178,4125
3083,6427
3853,6096
1795,2785
1198,4147
2644,7237
2637,4882
3069,7540
2468,7254
6021,6922
2617,2645
3097,3462
970,5795
1737,1937
958,1783
4931,7141
2584,3318
746,3223
1348,5944
492,1147
45,5896
1558,7403
763,3392
667,1907
1546,3530
891,7199
1626,4422
3064,3637
5174,7001
3855,6419
639,743
433,5623
2761,6794
13,4770
742,5370
520,5632
1565,5822
3369,3563
16,1956
406,5090
2659,3158
916,3173
984,1795
1933,2615
3165,4809
3396,5422
4785,6583
7162,7374
2744,2755
7276,7381
6491,6509
595,709
5236,5832
1677,4572
524,7360
3504,6108
112,574
47,4657
2387,5968
1224,4399
4885,5127
2422,4644
97,5876
370,2162
6391,6792
598,2930
1107,2854
1941,4607
67,7555
5557,6648
1958,6725
4554,5526
2505,7605
4335,6361
6105,6870
5216,5687
1681,1846
4211,5245
2838,3604
3334,5369
5533,5658
2492,2628
5777,7580
2854,6022
216,918
3701,7490
958,2910
4060,6564
1945,2507
6421,6722
2452,3397
3392,5944
5277,5324
6564,6761
339,3073
6108,7226
559,6322
1498,4691
278,1211
306,3855
4770,6073
3158,3528
2157,2744
6236,6654
2195,3424
919,6267
2229,2745
1510,4396
1533,1989
5653,7199
4951,6129
5147,7444
936,1200
1005,1677
5253,5708
3061,6812
6105,7187
3852,6323
3240,5332
2265,6712
4152,6436
1223,4434
2361,3198
2800,5968
4467,6583
4024,4146
3045,3865
1174,3544
982,5948
1678,2791
817,7595
1132,3696
15,3029
4955,6094
1770,3296
1180,2800
1937,2933
520,6154
3181,7339
6408,7294
1560,6217
2730,3115
5564,6529
1706,6649
2271,3551
2892,3853
5703,7075
1491,4719
4842,7016
5643,6743
341,711
33,3103
4978,6802
3969,4937
1348,3504
1376,6080
143,4785
1506,6323
1986,3133
106,7045
1792,7162
2160,5654
1879,6016
3158,7162
296,5060
878,2072
2745,7013
1107,4324
2476,7237
3747,6838
3555,6261
3342,6648
1905,6446
5294,6102
1485,7300
2745,5207
1907,5814
5612,5683
380,7237
223,3873
2768,4671
110,7560
6695,7547
3006,3632
4083,6236
7409,7621
1016,5578
3240,4900
3426,4042
132,6339
859,4132
3158,5236
3861,4886
1793,4785
171,6232
1958,5879
983,2734
3726,6200
2759,4000
3855,5892
668,1372
894,3361
5956,6566
1618,6537
2091,2691
1376,4775
2802,3482
350,6498
851,1039
1982,3853
408,2474
1350,4338
524,6818
2143,3873
2059,6021
166,1005
936,7551
684,6395
1806,5526
3005,7623
5674,7414
2155,5216
527,2192
709,6567
1945,5218
3979,5062
733,5984
1263,1368
1506,3080
4051,6769
778,5285
203,2186
628,1849
3105,4785
3108,6108
590,2816
4348,5150
3115,4356
1372,3544
4374,7255
1611,5077
1345,6932
5848,6175
3655,3786
744,2708
2476,6792
3026,3963
5962,7334
4069,7237
4250,6341
1345,5594
2021,5758
2382,5632
3125,6797
842,3038
2711,2917
521,1020
611,6431
2186,4900
4000,6759
5411,5935
615,3530
122,2386
488,4479
2361,7237
5073,5720
541,6415
4595,4882
3080,4432
806,7587
2896,5324
1897,6882
299,4007
3584,6640
3962,6990
3410,7183
4163,6955
2042,2673
1875,6567
482,1405
730,4820
4701,5430
3075,6378
1506,2019
2798,3594
3450,4895
5595,5631
3470,6854
1639,4197
456,7078
131,2626
1381,2685
5956,6852
703,5352
6069,7399
359,1849
4589,7359
1200,1297
2011,3597
2319,7067
982,4270
2155,6438
276,4811
1544,3107
633,5811
346,4060
3038,6706
4888,6652
5274,6955
427,5079
173,4882
711,7538
221,6506
4400,4785
452,2216
2180,2756
3450,4946
186,1221
290,4039
1057,2118
3864,5174
475,1464
847,6036
78,2332
2995,5862
2897,5127
1334,2031
1665,6838
3245,6421
3248,4855
2056,6845
3225,4042
2051,6416
4356,7351
5578,6200
2708,4795
636,5610
5600,5725
5394,7622
676,4785
5568,5854
488,3409
3806,4691
2567,2758
3130,4119
255,1891
5971,6212
1956,4280
2066,3045
136,6870
623,2510
314,2790
4827,7162
212,4871
5060,7338
3240,6108
464,5665
2269,4069
4539,6958
139,5095
4528,6219
349,3842
2745,6567
3588,7362
2261,3854
2419,4953
1228,7334
3472,5048
4145,6428
2980,4754
2290,6398
1769,6795
668,3529
603,3643
2725,7237
378,6891
3807,5261
5127,7089
6101,7416
2001,5287
5578,7296
1268,1639
1277,1401
1849,7487
4464,7046
4960,5570
209,319
6302,6719
1699,2308
4042,4426
524,6616
1657,2039
4000,7498
2586,3282
488,503
630,7618
3073,6177
3397,6618
3920,6233
4585,5461
2510,3415
3597,4900
1527,5793
4079,6639
1339,2854
1023,5659
3584,4206
2422,5658
4657,7489
5466,6175
1264,6507
1838,4900
632,6194
3671,7098
5440,5725
3345,5851
260,5663
3680,5658
6078,6990
2289,3909
2083,2876
550,4008
367,3709
3450,7199
3009,5101
598,3382
2992,5816
3469,4544
3147,4549
5440,5578
305,6829
3374,3861
1281,3341
226,904
4356,7076
2715,3946
479,5159
4295,7308
2777,3575
2468,5549
3038,6514
4235,4246
2479,5128
763,6870
668,1512
427,4900
4328,6392
1481,2354
3845,4934
2745,6859
606,5972
3090,6891
7128,7188
4710,6191
168,6446
5128,7600
3145,3975
3588,6425
2552,3080
6673,7587
397,6207
2832,3247
5246,5836
1497,3900
3855,4934
6217,6446
4447,5851
933,6724
1840,2453
1127,5146
4811,6493
2743,3555
5406,6286
3792,5390
177,6385
3377,4396
2704,3867
3223,5540
1348,6141
7088,7565
4931,6712
925,5993
5832,6196
3574,4963
3596,6415
2600,4680
6396,7411
1374,5753
2889,6882
4353,6639
6036,6142
5745,6074
335,3612
187,5359
1891,3387
3628,4808
1877,4913
187,4572
478,2088
6045,6415
2382,6724
2515,5823
2930,4336
4809,5111
6424,6446
3341,6490
2083,3387
3544,5854
4078,5456
2020,7015
4318,5755
3339,4414
661,4676
4726,7448
1349,1905
217,1000
149,1804
3342,7488
592,4616
406,739
2724,3701
5089,5508
994,7334
1848,7088
5430,6876
982,1466
2386,3655
4024,5314
5157,5304
865,4783
4554,6925
805,6789
4212,6562
3450,3895
1875,4882
843,5994
3923,7572
2798,5369
524,7540
2093,3450
1619,5147
1407,6528
1721,7352
1335,4671
3073,6899
2672,5526
5987,6408
4095,5394
290,3614
3400,7339
140,6738
2120,5610
4088,5925
4710,6339
514,4788
290,2014
3210,5790
3341,5635
2304,5680
2985,3129
743,2725
6046,6940
3557,7001
4039,4979
3974,6146
469,5519
2381,4275
875,5065
3494,3948
2991,4636
228,1107
2157,5549
3774,4012
2117,3101
550,2843
2275,6436
2707,5673
3056,4315
3299,5740
5126,5198
1538,5128
5343,6621
558,1221
1626,4876
5900,6880
1678,3133
4838,5539
4607,7090
763,7532
2040,5471
2335,2535
3112,7216
671,3574
4257,6431
200,7482
2151,3948
5892,7199
2524,6126
3081,4900
6972,7080
3483,4785
1925,5526
543,2711
2510,7494
1334,2452
4785,4999
827,7165
1685,6016
1017,5854
5534,6125
3826,4000
178,854
4327,5810
5764,6768
4434,4606
5578,7088
1039,3251
5431,7547
1897,7365
1618,4785
997,6185
1536,1636
4274,7403
807,2188
2456,5141
888,3764
6296,6391
2487,2745
271,4900
58,6323
3073,3880
438,5905
1223,2982
5874,6658
290,3405
149,1054
4007,4216
5253,6461
810,1594
4635,7115
928,5550
1269,3084
1345,4609
6142,6359
290,5090
3907,7219
473,5312
521,5065
3557,3864
216,3810
3039,5864
3786,7350
617,5386
5127,5823
3751,4724
4285,6859
1559,6519
1152,4285
4355,6567
3240,6695
2904,4963
2630,3680
944,7606
2183,5463
3127,4318
1875,4727
3991,5601
810,2433
6408,6458
2140,6822
1339,3627
908,2083
3374,5042
4525,7339
1310,1497
4849,6464
1129,6521
3158,5610
2473,3141
550,718
5246,6241
2151,3367
234,2647
4785,5709
135,1658
3413,4589
1275,1297
5335,5963
1433,7063
1305,5820
2910,3060
2831,5489
3499,3597
1464,1882
2014,3499
406,5703
5278,6919
4511,4842
3717,3751
1887,5230
3927,6623
4754,6891
4812,7541
1937,4716
881,7567
7104,7315
110,6818
3198,5854
2056,6208
763,3544
2017,6770
736,4960
4559,5265
2749,4839
1937,2826
1349,3324
3530,4125
3750,4678
3873,4163
80,5441
1379,6666
6893,7124
4725,5706
4070,6194
726,2203
3514,5335
2086,4777
3869,4359
2217,2234
4196,4286
2160,3120
7292,7316
582,6876
3240,7237
4452,5127
1798,6838
414,5319
2615,4770
3826,7224
3009,6870
5527,5751
1005,5600
3836,7498
4719,6365
2424,3430
4785,5724
1334,2476
4124,4443
1940,4071
607,5676
1724,2369
161,5128
5099,5343
5159,7151
1768,6023
487,4766
1349,1627
519,5639
2798,6168
706,3939
1210,5461
3957,3999
1921,2259
771,4324
2229,6757
1937,4860
4127,7074
5466,5795
6296,7575
45,4852
1636,5993
5314,7489
450,7021
3022,3044
1362,7312
4060,4397
4086,4809
342,575
764,1308
221,1626
3240,5703
5335,5966
6252,7170
1413,3324
2459,7102
1135,4925
3920,6757
1960,5446
4165,6659
1228,5962
1067,4760
520,903
4502,5127
290,5769
2347,3006
1650,5534
2556,3471
6459,6944
1788,4257
1193,2384
3450,6921
3437,3822
729,3680
2145,3536
168,3714
747,2020
4443,6802
689,4957
925,4720
3121,7289
2835,4904
1614,4611
119,3997
1226,2798
543,5335
1555,1632
2599,7071
866,6217
6352,7581
213,4349
289,2143
4977,6954
1546,3189
1488,7024
3163,4206
1354,5011
4048,4470
5902,6642
2928,4900
5222,6618
1799,4846
4360,6553
3445,3888
3163,3530
521,4711
2676,5457
166,6424
5377,5968
1974,4880
1381,3544
1615,4067
3387,3896
3677,4602
422,4019
517,3896
2285,5704
427,1831
647,5768
634,5785
6519,6860
743,5556
4246,5918
706,2744
1031,4725
3230,3920
4957,6336
313,6145
1039,3701
1628,3718
3598,7579
3095,4036
3473,4570
1571,4163
2967,3900
2145,2854
135,887
1899,4544
696,5885
3845,4653
1180,7546
5323,7488
414,424
2029,6789
5303,5529
5953,6953
3437,7046
1017,5176
42,3592
5502,6029
5639,5657
4502,7488
4122,6514
3247,3437
113,3701
2251,7341
2515,6436
3768,5212
3898,5455
124,5194
4754,7460
1892,2056
1509,5047
1829,6042
3748,6241
1521,3552
4000,5597
5557,7120
1469,2303
335,1945
1710,6453
936,1137
3910,5647
5608,6341
6083,6556
2196,3425
989,5863
2028,2063
3644,7042
2586,5962
1741,4181
645,5600
4879,6341
4061,4785
4994,6062
1275,3873
1645,4069
2510,4350
2372,5816
3471,3597
2958,5536
7013,7609
2105,6834
3777,6519
1699,6959
721,5571
1183,5274
3508,4860
1943,4388
1519,3130
1929,2626
3822,6903
660,5646
2476,3108
239,5524
2377,6101
3625,5716
2711,2850
2615,6217
3599,7477
344,1474
1752,4112
6134,6408
197,2532
1585,6901
518,3610
175,4835
757,2617
594,5291
218,5922
102,2452
2430,6700
1499,3450
1230,1508
718,6446
4130,4555
907,3897
3333,5536
17,4242
6207,6876
2544,6002
4785,5593
3400,3653
4356,4401
4228,5207
3001,4798
2424,4704
3878,7490
3304,3951
3667,5940
6607,7511
2564,6339
5004,6123
2473,7565
1825,2590
2171,6556
2160,5962
4184,7435
2160,6476
1814,2992
1963,4356
524,6712
6110,7612
1219,3643
2707,4382
2838,7468
4770,5988
2785,4368
4809,4900
919,7595
3081,3262
550,3911
2541,3692
887,2078
3211,6523
3437,5801
6092,7560
441,961
3189,7569
1770,2414
164,4880
524,4537
3694,4666
793,798
619,5687
5370,6654
4163,4502
2600,3007
1595,6960
2089,7517
6636,7571
1817,6752
2624,6358
6999,7160
3251,6797
3168,3696
3334,5269
2510,5453
1517,5817
179,6965
2117,2781
326,6902
2850,6731
996,4775
2073,2854
3526,6439
3107,5480
466,2488
47,6876
4882,6446
3266,3822
7093,7488
5252,6391
4938,5441
1230,6171
647,1147
1989,6884
2073,4039
2735,7583
1989,4671
459,7328
1995,3038
2973,3905
136,2361
794,4203
4074,5127
412,2765
4785,6484
1601,5461
3019,5655
866,4931
870,1492
4257,6399
4635,6016
667,2387
2356,3389
6074,7476
2734,4754
2096,4328
4931,6217
3530,5245
202,5568
6,3291
5274,5404
1897,6772
7030,7078
535,5631
1271,1665
524,6152
3371,3632
2782,3470
1130,4508
1555,6141
2918,6835
5254,6836
1846,6912
2808,7610
6309,7228
221,3530
1795,5470
3216,4125
1879,3080
1381,4919
2728,6339
1464,2444
221,508
427,1381
2191,7352
5454,5933
1321,2390
2814,4729
4447,6416
903,5949
1348,5954
2189,4959
5854,6168
2944,3347
3381,5127
4420,6745
364,6891
4480,5629
2694,3582
5532,6047
887,1798
6936,6965
3330,4555
453,1057
2217,5722
6379,6799
907,4164
5632,5638
2800,3079
3,1728
4910,6023
2985,5378
1474,3565
1019,3681
5108,7416
2364,4433
6,7340
1532,5387
1956,2117
933,1384
2024,3251
614,1817
1519,4632
4573,6897
4754,6296
3312,5065
44,6507
376,7618
4104,4888
985,1300
1207,5650
1110,4384
4754,7398
3670,7023
5527,6171
3632,4451
524,4396
209,3043
4946,5254
6399,6530
3873,6108
3128,6458
106,2217
103,6860
418,2615
3845,5029
5094,6478
232,3442
110,2826
933,5632
986,1563
2798,4648
1610,3312
2478,2510
295,5793
2715,3400
550,766
2020,5324
4860,7001
131,4371
2572,3486
1721,2007
4859,5445
2186,2928
700,3827
638,3873
2381,4657
4079,6031
3530,4387
1334,1348
634,2910
1271,7123
3519,6955
1223,2835
3141,6171
2196,4821
5060,5439
6180,6941
1550,6330
1293,2571
985,5604
67,2670
2939,5807
1509,6812
535,4212
3877,4292
6185,7580
2140,4543
2060,3044
4266,4375
6156,6369
2024,3081
2615,5988
3251,6031
4266,7019
3564,4175
3189,3530
520,4217
2200,6185
4087,7189
1849,4960
219,6519
733,1808
461,5921
918,1602
4164,7579
172,4617
3946,4561
1275,2234
3597,3961
1786,7551
2176,3677
1907,6941
524,3508
6427,7294
1447,7141
1941,2349
1128,3895
1792,3128
1850,4860
6489,6655
705,6073
6610,7237
7580,7595
5636,5859
4319,6724
1674,2890
3547,4005
2177,2229
4393,4622
5854,6108
1848,1902
1060,3314
798,1982
5857,7533
2826,4606
3185,7558
1584,6886
1945,4000
2854,5516
3005,4612
821,3227
1734,4505
5267,7512
3450,7228
4363,4811
4271,6077
4298,4536
4882,5505
3380,3751
6369,6553
438,7468
4012,5346
3108,6789
5511,7026
16,773
540,5454
2870,5176
3400,4519
1799,6990
805,4883
3181,7141
3853,4999
2096,3798
3956,4623
1009,1234
1989,4338
4908,5915
524,2642
375,4193
1890,3666
3270,4162
1420,4536
4056,6369
3530,4726
1565,3878
409,4426
1506,5640
2037,2266
3139,7450
3672,6220
5859,6955
3367,4312
643,7423
6,1492
3621,5369
641,4019
524,6423
2424,6575
4919,6910
2995,5859
3038,7608
1462,2387
5671,6190
4124,7565
798,1658
2170,3497
5578,7244
367,951
1637,1872
1937,7001
5944,7284
1559,6487
1949,6802
3093,4269
2757,3318
1770,5815
650,5866
3670,4338
266,1506
5625,5735
2892,3937
1560,4770
955,1317
4180,4904
1879,3571
6500,7227
378,6369
598,870
168,3661
3844,5219
3809,4359
5694,7252
439,1677
6207,6687
4549,7498
705,6616
5720,7089
2726,3633
5405,6490
5854,6931
5623,6085
4822,7456
1391,4149
5578,6672
1396,6235
260,4452
5127,6136
5119,7135
3360,4561
3309,4138
4593,6519
2026,2761
932,6987
292,5274
1560,2615
1898,3163
3450,5534
1137,2289
3080,4800
2848,5854
5033,5257
98,2854
4248,7210
426,5404
4707,5353
1689,3935
3555,4000
5349,5608
5182,7162
2229,3571
296,6285
243,1396
2369,3210
4452,6054
2238,4754
221,1571
4309,7090
4021,5413
4452,5454
103,2787
1786,2217
5212,7563
929,4785
1381,5944
645,6101
2878,3397
709,1875
874,4023
4408,4503
2199,7144
843,3530
1232,6852
2428,6466
3450,7587
5176,5854
2803,7071
645,2396
3038,3360
1542,5455
806,2391
2289,7592
219,4561
4930,5274
647,7083
4122,4614
3364,4348
1600,4185
536,3262
41,5414
3092,4744
4162,6067
3240,5944
1665,3853
4843,5854
936,3446
1880,5281
1016,2745
4476,6116
2066,2586
5390,7243
1012,4198
3826,4747
2641,3900
594,5832
3347,4544
1933,5857
4433,6267
3192,4908
5269,7226
1839,1973
4385,5127
2452,3644
1546,4275
1471,6427
11,2412
1274,1321
406,7127
2510,5563
3643,6461
4427,6160
3253,6912
5184,6502
4462,4955
5857,5988
2672,2690
728,7254
4253,4710
763,1047
3845,5921
2707,4961
1005,5308
2537,4761
2123,2599
2498,7413
1271,3826
73,6126
2994,5127
5370,6607
2186,6857
1005,1161
3447,5331
3162,3990
3731,4421
406,2734
187,2626
5132,6757
394,1414
3390,5443
3295,4536
2943,4111
4472,5916
1849,3790
5491,5924
641,4829
473,3701
4243,7352
1795,4369
3463,4361
3498,7237
2036,3040
4380,4988
6421,7205
4432,5867
4925,5493
1005,5615
4236,4338
2933,7141
1570,3530
5751,6935
473,3240
3530,7311
392,1376
136,499
6171,6415
109,6272
6955,7165
560,6397
3240,5530
3400,4632
2699,5127
1180,3969
226,1751
6101,7088
1,6478
6458,6967
5501,6803
2502,4512
290,3251
107,6999
1043,4455
1539,6209
3245,5646
7178,7422
4785,5748
2707,5597
307,4676
402,5384
1555,5530
1264,3240
395,1495
1639,1937
1509,2835
1457,4128
6330,6803
1609,5779
920,6101
4197,6092
1424,6378
1897,5498
1519,2408
216,4318
3436,6913
1439,1498
2389,6252
3905,4414
5258,6537
2510,3420
1180,5825
2265,5988
3240,3597
994,2586
1179,1751
1149,2835
505,1749
6792,7237
2734,5090
1976,5854
2510,5670
3773,5335
2515,4106
2206,3701
92,974
3210,4020
1632,3409
1372,1713
299,1849
2579,5274
1897,3650
409,3453
2430,4338
1350,4873
1937,7560
287,523
1464,4022
3185,5120
422,4447
3495,5159
4151,7083
4785,6992
2973,6020
198,272
538,5892
306,1209
18,3581
3705,4122
2117,7303
743,4883
1856,4811
3597,5556
1384,6617
63,6221
41,1958
2318,3520
673,835
73,2676
1921,4061
1227,5578
3418,4125
2510,7498
7237,7490
216,3026
5720,7580
429,5289
1618,1622
3596,4261
5314,6458
3022,3367
1594,2838
306,3437
473,4809
1471,3833
6140,7237
1023,6776
2558,3084
5108,6367
5457,5867
3342,3450
282,5329
5569,7093
1447,5988
2385,3210
4770,6616
1834,7279
1795,2777
2063,6465
3073,3258
2265,6812
2988,4995
473,4883
4544,6545
23,3493
106,212
919,4490
4163,6999
131,6126
1879,6672
763,4809
3781,7551
1598,5610
2987,4900
3597,3644
3169,5244
1384,5517
16,6101
951,6391
421,1132
500,7548
1555,7548
2515,6921
3107,3751
4865,6070
1814,6552
2014,2326
2998,3927
667,6256
1250,5245
3246,4223
2644,7547
3342,7401
2897,7488
2421,4584
1628,5751
2,7128
1413,2229
81,130
2308,6712
1113,3303
2045,4235
3614,6595
6096,6115
4900,6391
5222,5854
4659,5441
1205,3906
98,4163
5638,7462
1576,2619
645,5906
766,4146
3273,3330
5501,5593
7334,7604
2673,6797
3427,6199
960,6519
743,5730
1161,6323
3118,5355
357,4555
186,6704
1940,7143
1041,2337
900,7421
2488,3240
3852,6067
2998,6476
1001,2848
342,1284
1349,4624
1457,5226
3410,4355
6343,7237
671,4145
4632,7464
1792,7489
2424,2896
3103,5072
750,2158
187,1468
427,3397
2271,4731
2891,4248
919,6095
2080,6524
1332,6359
1137,1297
3439,6866
4453,4607
3038,6089
1118,4600
1749,3103
2160,5491
3399,5879
988,6252
2694,3038
18,3755
2197,5526
1179,6538
7100,7234
1434,4335
344,2229
858,5220
1599,4808
2580,3413
2275,2515
950,7063
5377,6256
821,1647
1348,2186
2014,3405
1555,4086
3210,3433
1955,4633
4006,5670
2083,5090
3080,7411
3210,4842
1795,7543
4359,7489
2524,7100
2868,3310
1898,5128
112,3058
888,3530
1158,4040
5261,5626
3853,5166
5639,6477
4319,7178
950,5900
4138,6241
2854,6528
817,3530
2362,5045
550,6317
361,861
331,5159
671,6471
1855,4280
5285,7592
5872,6201
2057,6155
6001,6752
4453,6805
1349,3858
1863,4103
3002,5941
3643,5253
1897,3861
3413,6813
2711,2838
3387,6912
1234,6891
221,6998
2571,3566
4364,5287
1994,3983
3223,5112
461,5610
2014,3657
4332,4982
418,1509
2222,3520
5662,7162
1795,3891
5706,6262
1825,4069
3961,6130
5455,5906
5886,6179
4211,6921
2777,5562
1741,6080
86,149
3381,5202
1792,3786
3165,3644
2107,6503
3038,4614
4613,6468
3999,7032
290,1174
1817,3559
1074,5854
1721,7162
1650,3285
1668,4387
122,1853
138,473
418,5988
4666,5988
706,6888
1563,2198
2229,6586
2713,6365
858,3097
1937,5578
1937,6959
4040,5895
5862,7602
2007,3998
4104,6731
1850,5683
2510,7339
410,6105
5082,6666
3045,6379
1824,2108
3730,4455
2194,2197
3818,6450
882,5735
184,5578
827,3135
6361,6496
3755,5128
6712,6818
2675,6800
3127,5508
566,1213
4455,4903
2524,3410
1498,1882
4771,6083
283,1848
283,1956
1958,5414
4572,6882
2994,4270
1017,6912
4785,5606
827,2473
3247,3822
6579,6792
3983,4026
4568,4704
5111,5703
1706,7532
4785,5480
2083,3471
849,2334
3058,5216
2013,6503
1361,5396
5318,7579
4124,4806
2391,3295
4842,6566
2473,5527
2361,2831
4000,5510
2569,3581
2401,4329
110,866
349,6544
775,6289
4003,5062
3755,4762
728,5943
4327,5292
1500,4785
5128,6125
1779,4092
1973,2229
4086,5363
3822,5876
2943,3317
2420,3571
2569,2866
1376,2650
3450,5245
1828,1906
630,7228
4725,6885
2186,6388
3056,7059
3722,5192
1220,6551
1334,6789
6180,7128
2835,3502
18,5534
1407,2854
3291,4476
468,4574
2413,3650
2366,3210
1942,3444
5638,7607
3105,3514
5904,7237
313,5594
4667,7579
4327,6827
3530,5216
3207,3507
1694,5436
4108,5380
3499,7226
216,1657
4711,6642
5844,6506
5610,5662
4377,5556
1600,1684
3239,3679
5643,6101
515,5897
5892,6207
1555,1678
3367,4528
3141,5527
3653,4997
2031,4353
607,2549
107,4227
1190,4842
5559,6361
1536,6207
1838,5121
827,2515
5245,5823
3317,4479
1725,4664
6159,7199
313,7069
2285,7089
666,5646
3701,5370
1064,5646
2615,7001
4267,6644
2974,5267
5844,7308
2734,6146
1008,7162
1376,3666
1149,7001
983,5121
3396,6463
227,2094
5090,7237
6936,7340
985,7552
1025,2007
2995,5127
3714,6323
2708,2742
3169,7163
3136,6065
1792,7615
1672,6321
3961,6105
5261,5274
933,1350
490,1127
2957,4496
5488,5856
5343,5896
1941,6470
1970,5147
476,5274
3567,6483
866,6958
4452,6888
113,6621
4198,6409
55,5474
3993,4555
6466,6617
2647,2928
3042,4554
1138,1956
1040,3683
1671,4785
1005,2626
1727,5605
3450,5663
465,7272
3991,4426
5128,5706
766,930
1839,4786
2645,7283
1207,6554
1059,2711
2428,4042
3859,4778
3830,7597
3822,4126
2996,5848
1725,2197
1776,3502
1237,6696
1150,6672
3462,5461
1483,7162
843,1146
410,2238
3571,5540
3080,5468
2186,5090
3616,7416
4459,6764
845,4763
1496,2707
718,5544
1973,6859
2649,4250
4187,6378
1538,5646
1293,3498
2434,4809
1677,5929
6126,6544
4328,6323
538,5993
1304,2204
708,2754
1338,5516
1688,4992
16,6567
681,7414
763,6789
1610,1635
5734,6267
3824,6445
612,3103
3038,5334
5004,6508
1284,1551
1509,6616
2583,7228
854,1793
135,5977
2428,5646
286,7237
1671,7170
2504,4146
2966,3428
4338,6296
4083,4935
1167,4632
167,2387
1929,7106
1492,7128
894,3360
1152,1158
4754,5854
3861,5623
1055,4993
3440,5065
3287,5775
1933,3390
2587,4156
4470,5754
212,2854
843,1901
4811,7197
2028,6097
2713,4811
1973,5095
1704,3011
4827,5992
1320,6812
1502,2977
2499,3584
5159,6719
3182,3569
718,5396
2628,3502
3333,3597
1982,6906
540,2579
763,4754
1497,5734
718,2843
5335,5803
598,7534
7237,7548
1327,1407
3341,3603
3893,4019
4439,5414
3544,4477
538,2017
3520,6702
3430,4704
1945,2056
4692,7580
1724,4916
2046,5060
1305,3247
1725,5342
685,5146
539,3726
1146,7381
1849,3381
1986,3661
2530,6188
2910,4152
5127,6463
4257,6248
4365,6537
2066,4544
4967,6205
916,1271
2615,2953
2224,4125
169,4031
4941,6310
1304,5212
1005,6002
1725,4955
1677,3336
4301,6241
865,4785
378,4754
3313,6966
1236,7254
1555,4917
4941,7262
2994,7602
95,3430
1693,5065
3991,4811
2267,6862
139,213
5468,6672
3379,5126
110,2492
3918,6125
5402,6789
5402,7547
1665,3400
5781,6887
3281,6330
763,4681
897,7359
3644,5822
718,2751
2561,5233
1305,2414
5854,7237
2051,5851
6785,7225
2510,5417
1020,3845
1804,5292
451,1381
3715,4632
2719,6129
1005,5455
213,3103
3165,3240
1436,1618
828,2347
4434,4904
2066,2160
1250,6145
1792,4451
3360,4122
1410,2913
2372,3172
1223,6546
5568,6870
3559,6616
1118,3273
3161,5769
469,1434
2648,5944
2337,3199
5095,7565
2834,4285
2998,7215
3405,4843
418,7141
5161,6897
1102,6990
5397,6126
4931,6818
4955,4961
2414,3838
91,313
1287,4284
5300,7001
2318,5099
3397,5124
3100,3582
1348,4248
2848,5944
3873,5555
438,543
3399,7033
1986,6775
4659,4811
1509,4899
5128,5632
1056,7334
2138,5933
3450,4880
4787,6432
1674,6090
2083,5866
3184,3883
2142,2854
665,1025
633,4785
5063,5944
429,1020
4020,4146
958,1064
16,4968
904,2794
3020,3453
4851,7226
6573,6892
1328,4663
2197,3633
1704,6350
1767,4221
3360,7083
2164,3852
3528,7129
2073,7270
3023,3544
392,3807
3217,6678
4412,5523
314,4985
2195,5053
32,607
2122,5629
5823,7401
2071,4875
4167,6116
221,2744
3981,5607
6110,7100
5809,7555
13,4860
1346,1668
1098,4619
1618,4757
5626,6370
3,5060
2921,6273
4572,6323
3093,6852
3341,5334
6092,7144
1739,3622
674,1381
4152,4811
599,7397
2614,5857
5011,5461
1799,7321
1692,6120
1447,5575
3861,5349
4264,7135
2110,7339
2201,3701
110,7141
4517,6501
524,4434
5132,5491
4602,5727
1376,4158
728,5202
3755,4125
645,2127
729,4455
4556,5679
566,3181
3968,7237
4657,5993
679,5180
2488,5381
1973,7553
1849,3450
2083,5370
409,2810
606,7586
120,6888
1464,6765
1792,5964
4506,5335
1792,4720
2051,6911
5068,6800
1180,4705
910,5927
1677,6567
1014,5791
647,1281
3210,6412
2408,7177
2523,4319
122,4684
3787,7158
4843,7226
3330,5516
2442,7031
1040,3855
5060,6301
1467,6908
1878,3841
2971,4446
4758,7224
2587,5643
4638,6090
3400,4119
3597,4979
1642,4119
1149,6862
1713,3701
121,2948
2732,5893
2234,4621
6302,6925
1911,7072
1610,7352
907,5318
275,2470
480,522
1933,7199
5703,6296
110,1876
6972,7359
2024,3130
1711,2204
645,4698
187,1956
6617,7607
2510,3977
3498,4242
1910,4612
1011,3454
2890,6536
1830,5072
4466,5646
1761,3250
71,6147
582,7294
5823,6112
4337,4561
651,2796
103,6302
1506,5602
3367,6633
4357,6011
3361,6003
612,3410
706,2157
4555,4946
3405,5369
3845,4755
192,612
4879,6772
131,4994
4809,6105
2345,6957
5148,5390
3191,5962
2808,6195
2745,3932
2326,6108
2498,3751
2015,5988
3130,3779
5187,6644
1348,5703
2259,2707
4986,6891
846,4888
524,1360
3610,6088
2107,6955
690,2854
5111,6023
3389,6101
1639,6092
3342,7526
209,3597
3855,5324
3520,6166
2387,6636
1166,1842
4636,6427
3692,7339
118,1464
2747,3082
1559,5334
776,1025
2414,5681
5232,6252
1312,2498
2861,7502
3181,6427
462,7028
5285,7232
3409,6891
1089,5148
722,5127
1319,3495
1055,2730
2199,5355
1234,4335
4007,4387
3960,5646
3071,7508
6161,6442
6,870
2391,2764
213,4280
166,5308
645,4994
3667,4275
4986,6702
1544,7129
5047,6818
3381,4989
4239,7199
6089,6787
4824,5808
866,5355
958,5646
117,1412
1693,1746
6709,7162
13,1937
2385,2985
1834,7022
3638,5014
1607,6611
3569,6162
4246,6475
3565,5485
5703,6369
3991,6319
5660,5842
6267,6744
651,6293
406,6105
214,5762
1633,6652
521,5324
81,378
1838,7226
4883,7548
4931,7406
427,3240
540,2926
630,4419
3227,5671
4900,7575
3381,6888
3450,5411
780,4070
1161,5867
1014,6219
888,1534
1349,5725
2401,6440
1444,5597
3504,4900
5060,7089
464,4799
3810,4019
4900,7237
5803,6961
2463,4080
4887,5065
2713,3450
3450,3755
5854,6219
3103,6567
226,7342
4931,5584
1401,7614
2790,3502
4335,7507
1180,4937
2878,4809
3400,5985
1752,5210
3038,3555
524,1850
5402,6695
2014,7575
1678,7621
2971,3569
1595,2223
2143,4873
2037,5988
1254,1677
383,3751
961,5868
1001,3251
1291,5314
1471,6202
184,3223
179,4512
3641,7030
272,2680
3450,4775
905,1395
5360,6972
842,1725
1956,5381
5703,6639
3445,7165
6237,7003
4080,6966
1042,1808
6361,7202
3861,6005
4639,6220
1945,3355
4060,4260
3535,4994
1367,7226
1952,4962
2864,5600
6143,6403
4298,5920
1943,2349
3855,5876
3039,5404
4904,7141
1212,2168
4019,5106
3294,7237
6427,7489
4086,5556
5575,5857
380,2928
3400,5579
7123,7224
35,6475
1444,2892
2515,4163
623,1658
1312,6309
3180,4941
2185,4785
3427,4280
1873,2943
817,5543
2021,2122
5370,7347
4396,5683
6641,7330
618,991
1150,3080
4756,6800
3341,4523
2586,6476
1642,4337
116,4511
2711,2730
1001,4377
3317,6664
4321,4970
517,7558
630,643
487,1923
5531,7292
4608,7025
121,2337
1701,6094
5534,7591
171,7035
2771,6292
29,6652
600,2998
2354,4691
1233,1496
2254,5944
1117,7215
1587,6461
677,1229
236,5793
2985,6207
2254,4919
1925,6787
3001,3349
3196,6652
4900,6296
290,2928
3103,6323
3915,4985
5147,5370
3251,6846
6407,6858
1231,5540
1305,6969
208,1851
3038,4122
3348,4466
1338,2216
6800,7029
2626,2797
2765,2881
1830,7216
5288,7057
609,5274
1506,2260
1109,6477
6306,7177
2194,3853
2711,3988
2200,2379
4093,6177
2391,4206
894,5168
1507,4645
4163,4452
406,2083
294,2074
5988,6321
18,4319
5466,5848
6275,7199
2908,4338
2051,4318
3544,6633
1119,7225
5534,6840
4959,6116
2798,7375
7265,7594
1941,4632
4721,5111
16,5072
3834,6361
19,1501
2615,3508
6495,7213
1425,2384
1713,5866
922,4364
364,3251
6792,6857
1670,7496
2014,2083
3503,5212
1689,6463
4900,6554
2249,5475
2524,6446
131,5308
4404,4917
4771,5550
402,3463
1644,6946
2711,5318
213,1973
5976,7272
4348,4959
54,187
1891,5866
3450,6673
5126,7412
1941,6621
1015,6369
3042,7123
634,7147
142,6809
4735,6896
6419,7256
1402,4452
2583,2713
6890,7213
3169,4033
2358,2904
389,5875
319,2239
3520,3862
4543,6022
502,4986
829,2600
3853,4035
1850,4031
244,6953
1859,4324
5454,6441
2707,7032
1355,7101
4348,5263
407,2162
3557,6712
358,2616
1543,7130
520,7110
39,5095
2902,3021
381,3469
6049,7418
5807,6784
2315,7173
1960,5815
763,7621
871,5175
1954,3757
1334,3504
290,3387
2051,5508
3900,5274
1776,6249
659,2763
919,4007
1945,3937
787,7317
5578,6818
3855,5610
6361,6667
1587,5708
226,1107
5613,7411
5370,6478
4792,6876
3518,3594
4756,5463
473,2734
1189,3813
4174,5360
5708,6439
2541,5948
4660,5752
427,2029
617,3176
3227,4600
1763,4070
1954,6065
1600,5178
6818,7001
418,3557
3096,5918
667,4558
2798,7237
3042,3121
2020,3031
5537,6891
951,7237
2314,6267
4480,7565
2974,7427
1384,3880
1879,6200
4296,6519
3644,6579
1789,4657
3544,4086
1345,1851
1902,6842
1689,5052
3564,5872
1312,1698
763,6912
2083,6168
2452,2725
938,6220
1198,2229
2236,5020
2024,3544
3544,7282
4203,5009
3112,4691
4348,6160
1447,4904
1933,3399
766,6101
3762,7455
3573,6998
1873,2430
2439,3993
1339,6783
1115,6860
4124,6339
4356,5039
1216,2194
4012,4040
3665,6120
547,5466
1561,6012
1381,1920
32,1166
6703,6825
2734,3218
758,1304
661,2985
2835,6298
524,5047
2619,6493
3854,7607
4329,5600
2476,3566
4775,6562
4338,6022
1383,1420
933,2473
1751,2289
1350,5540
524,2826
2569,3854
2398,7248
213,1300
6496,7141
2020,5564
1420,2897
5986,6580
1175,3873
5268,6008
1231,3672
1848,4280
4455,4756
1376,5274
3813,5108
2694,3555
2868,2908
110,5857
1933,3672
34,4408
582,1636
1808,7224
296,936
6201,7230
3936,5623
6666,7484
2892,3121
1271,6787
1614,6149
1137,3474
2653,5516
2083,4584
1937,4728
928,6262
1526,2754
1799,3761
919,3028
524,2265
7100,7470
585,3793
2186,2361
2259,5710
2470,4959
6391,6618
686,1464
5437,5858
3086,5570
5499,6324
2742,4858
2730,7287
2871,6221
6476,7410
1236,5078
1698,6467
1547,5090
2347,4269
1665,6883
2586,6612
4141,4146
4606,5988
1130,1891
2390,5369
2805,6602
3544,4239
3162,3400
2972,6378
2803,4476
4788,6946
170,4785
3434,7550
6715,7296
6275,6341
4257,4811
2761,3706
7352,7552
918,6416
6972,7427
1281,1665
1428,2498
5463,7176
2265,7014
3240,3544
2290,2361
4861,7330
5279,6391
3410,5162
2922,4650
1057,4145
4003,6409
329,4516
5041,5748
3882,5090
1972,5614
2476,6140
1373,1689
1631,4632
6226,6258
3686,5379
3599,6167
2892,4614
2014,3251
1025,3602
2870,5062
930,5640
539,3689
925,3000
1109,7601
7215,7227
3056,3559
116,6566
1749,3553
1665,4785
3534,7071
398,2031
4930,7482
5370,5688
5527,7600
312,2056
3912,3986
296,1786
6566,7016
6792,7322
1107,2794
3088,6122
3807,5626
503,2798
1098,6771
670,4368
27,1558
3584,5705
6948,7129
1956,3565
1602,2989
566,2975
1933,6818
1409,2609
228,6538
2381,5274
212,5715
150,4847
1172,2958
2024,4335
1372,3251
2510,4844
3251,5077
2013,3829
4785,5903
2145,4236
2031,7237
4433,6684
4785,6013
1183,3210
1792,6991
378,3701
1905,5455
904,7232
687,1715
3056,6073
2267,3056
378,5556
1108,6654
1236,2276
363,4453
591,1635
68,1219
230,1460
2921,5463
1941,5343
550,5533
4686,4908
942,5631
5564,6369
113,5866
1611,3544
582,3632
2831,5010
6130,7237
3679,6621
361,431
2854,6651
651,4738
550,2519
58,3302
1956,2401
398,3614
3293,6446
5227,5920
645,2911
3584,4190
1291,5029
3765,5050
5725,6734
5578,6446
1388,5599
6391,7284
1509,1560
13,1817
4818,7595
3845,4701
6639,6689
2170,7074
2670,4638
4130,7028
1521,2372
4083,7409
524,6810
3360,3653
6972,7100
473,7237
6358,6617
5482,6446
223,6080
6175,6339
970,1718
297,2132
3873,6505
299,4650
2020,3822
5127,6724
471,6991
3568,4563
1555,3240
4158,4864
2186,6381
358,5635
758,2510
4607,6519
1543,7606
2719,5095
6746,7478
1627,3829
1721,5324
3338,5402
487,5298
474,7477
611,2589
6468,7228
1010,1465
4115,5416
1120,3022
4124,7355
882,4093
179,285
4086,7282
799,1280
1334,1567
2199,2835
505,1854
1389,3198
4692,4865
842,2250
1960,5247
4109,4936
1674,5854
2096,4008
4114,5370
1272,4338
3450,6648
521,3855
1801,2591
553,947
3080,5108
2066,3920
843,2532
1133,6637
2717,3199
5703,6108
4211,7254
3341,5099
2414,6004
4350,7295
1558,2300
381,2944
2347,3786
3381,6245
2293,3790
2221,6343
6538,7504
1671,7472
104,5918
3672,6877
397,1792
290,763
5640,6544
440,7601
1882,7098
3408,6361
4657,6207
926,7304
1180,5055
1639,7536
295,942
1956,3678
1137,3181
4414,4423
3136,3430
1010,4341
3305,6692
1334,4461
2138,4941
3327,5854
2217,6022
4900,5121
6846,7237
1689,7089
1155,7226
5646,6262
550,1349
2321,6302
4519,7224
1771,7216
4154,5377
2326,2725
290,7226
1012,1174
3589,6415
989,5581
1393,6142
757,7416
3596,4723
5099,7151
1937,2267
1258,5287
5306,6463
903,1628
543,2730
4720,5314
374,2775
1963,3893
1400,3171
2192,4595
3283,4335
2368,3166
1055,5068
1710,3364
1349,5640
3716,6103
2434,3560
4210,7173
46,2442
984,4178
5956,7201
3535,4997
1781,2646
4125,7030
5087,5102
1859,5567
188,3450
393,1462
4863,6393
3601,4825
6408,6593
1849,5920
4614,5065
951,3397
848,4811
3994,4380
840,3810
5857,6818
3550,3661
4860,6958
2163,5595
3750,6724
1677,2229
1442,3450
1140,1531
2930,4160
7095,7556
1462,6502
1230,1442
5410,6888
2711,3707
6757,7334
3987,5876
4842,6876
5564,7575
474,891
3225,3426
2982,5174
1505,2994
1865,5461
1094,1204
6930,7134
38,3023
1559,4785
3574,7078
5557,6370
3020,7554
3184,3450
2014,6792
252,6217
5274,6946
2186,5222
487,6694
3876,7401
2337,7438
2327,6578
3137,3661
3755,5633
3162,5606
3210,3833
5355,6217
1651,3105
3855,4887
763,2213
1792,2347
2390,7237
1094,3986
3909,4621
2334,3571
1334,5402
3828,7339
1671,6621
4125,5883
63,4284
763,1334
903,5527
18,478
2276,6955
4919,7237
3879,6738
4356,5400
1492,5303
952,4348
426,4930
2472,5471
5308,6126
6408,6820
999,4572
3671,4023
81,5033
4754,6108
1444,5985
4242,6792
2571,7075
936,4304
6519,7245
2637,5457
47,3128
290,3544
6323,6882
538,4657
1018,1379
6437,6753
3937,6519
2723,6165
3903,6817
6598,7579
306,1610
960,2818
3121,4000
961,6118
5526,6414
478,6431
3991,5665
4846,7240
3440,4330
289,7497
2122,7612
471,828
4136,5127
1873,7195
1642,4607
6503,7395
2829,3450
739,7284
763,2725
524,2790
1325,7270
854,3121
59,2414
307,661
4125,4876
1078,5624
2912,4785
1553,2583
6473,6695
3045,3564
291,3139
2928,3459
1941,2707
4487,6912
110,6752
3244,7237
760,3134
2317,3159
211,2318
1589,3353
4069,4520
1055,1443
1350,6646
427,3961
110,3377
3948,4528
1334,7547
1027,5334
4963,5680
4136,5227
33,4308
1396,5338
4464,4844
6013,6081
479,5673
4780,6983
748,7024
3881,6377
936,2794
5127,6503
5811,7290
955,6887
1906,6206
5404,7595
110,1268
167,7534
5676,7350
2083,3594
5610,7352
228,1407
3108,6296
110,6958
4033,5254
3817,7173
5274,5864
6564,7449
4146,7489
94,6564
1555,6789
6319,6874
102,6639
4455,7476
1827,6928
3042,3400
4034,4915
2914,7378
1050,3647
5245,6861
4502,5862
1658,5168
5866,7606
2037,3056
1218,3530
5607,5992
3565,6101
441,4726
6046,7395
3303,3571
3003,7339
2419,4417
313,2096
750,5277
3845,7352
1207,5334
2257,6618
1634,6805
1027,1945
78,3495
4899,6565
2892,3653
290,378
647,3400
780,6194
1509,2265
49,5510
2487,3714
1632,6891
1015,2086
3127,4370
1970,3367
5370,7444
1509,3694
2759,6250
1937,2130
827,2482
3657,5479
1665,4608
2094,6797
1435,2523
1684,6735
4280,5616
4086,7237
563,4549
2798,7012
3845,4676
1084,4852
4013,6146
3727,5139
2083,7621
1678,6343
4259,5643
2088,4868
1281,3898
402,440
4989,6245
5259,6120
3155,6329
98,299
1671,4309
4900,5943
1645,7042
47,3181
763,6391
1376,4011
4144,7460
2513,3937
2164,6983
933,3530
2644,4900
1691,1927
1447,6752
4164,7287
6476,6799
5178,6155
1120,6031
6022,7229
5727,6241
1207,5335
763,2238
5449,6800
3418,3530
2580,6827
691,3355
2960,4328
2014,4809
2478,5417
1292,2601
887,7090
1665,2623
855,4399
1077,4916
3042,3853
4122,7237
230,6224
3757,7352
3137,6042
4900,5953
488,7344
2055,5950
211,3869
3833,5830
1725,5328
847,5854
3530,7488
5222,6403
2760,4900
1389,5222
426,7595
1189,3080
1254,6446
1804,4594
3873,7065
883,5105
3570,3891
990,7129
480,4823
3845,7182
2301,4246
2649,4457
2524,5308
1744,7595
5446,7162
3861,7365
3747,4366
112,4536
625,4780
159,7403
772,4624
5282,7284
1402,4709
3989,4681
772,1349
3156,6496
396,1600
4206,6054
175,6061
645,5455
420,6595
166,645
3833,7256
645,2205
2843,7186
3967,7565
2073,4669
221,1409
3133,3597
2644,6633
4338,5020
2851,3793
2838,6640
559,4900
2991,3129
1792,5921
5242,5432
1305,6845
2452,3165
2843,4141
3251,5564
3544,4754
3020,7052
4039,5199
1937,2835
3095,5127
1875,5725
1334,7226
5739,5927
102,113
1670,4651
1937,2499
2425,7600
3530,4095
1500,1519
2452,5090
4851,7042
4657,6427
1828,6641
3967,7522
4070,6021
2994,5410
1384,3426
2614,6298
3800,4811
4534,6813
3014,5775
4626,4888
3437,6412
3643,5714
1381,2791
550,2797
4337,4747
27,4066
4888,6640
2933,5575
3527,7537
1223,3213
6824,7199
3240,7226
13,5355
919,3450
2083,6391
1223,2642
296,4474
1271,3360
2896,6575
3678,7122
1792,5454
4072,4605
5642,5972
2395,6676
688,4711
484,5216
1569,1954
2794,6515
1882,7233
935,1121
1555,5402
6367,7384
502,929
3039,6436
2576,5956
1149,4770
2992,3744
659,6960
3411,5128
2854,5133
6378,6529
1963,2051
6467,6797
1776,4931
4338,4831
3625,4307
406,1026
924,1039
4001,4356
5079,7380
1334,5556
397,3833
4248,7074
2193,6637
216,3893
2707,4999
3004,7078
2854,5127
4146,6637
1792,3822
2798,5312
2222,5343
421,5543
2787,3853
5291,6519
2980,3130
2730,3323
2676,6924
4826,7491
5394,7412
4206,6724
6391,7237
4600,6836
2510,3157
1007,5944
3597,5944
1065,5646
1665,4990
5335,7479
1941,2185
4396,7454
1792,3833
1006,2242
2422,6101
1381,4754
3647,5425
2676,5308
4705,5787
4455,7406
6341,6772
3103,7100
2309,5443
2546,7243
771,1637
3582,4512
733,6954
520,7030
3102,3269
3120,3926
815,1376
1020,6065
573,651
1291,6991
3453,6562
2710,7178
3853,4000
1226,4507
4472,5455
240,5487
1882,6524
1877,5369
5725,7565
4146,6408
3074,6711
212,7213
524,6959
5095,5938
2289,2511
3042,3725
3741,5532
4095,4163
3127,6768
6065,7374
3853,6115
3822,7469
2741,3323
3680,6586
13,620
4936,5908
1229,2783
3223,4329
104,2145
2607,4303
4000,5606
4235,6475
158,670
418,5047
113,7226
3136,6004
240,1849
422,7076
3777,4569
5872,5962
80,5646
2628,5174
2034,4063
3737,4375
1624,5430
2586,3521
4278,7604
3754,7383
340,958
2878,6141
216,641
1070,3584
2435,3705
647,2259
1180,7365
1849,7170
1319,7464
2854,4575
1560,6712
1629,5343
5277,6378
2201,4967
1902,4480
1181,1271
1055,6178
2798,3125
642,827
2663,7334
192,5604
615,3418
2933,5047
1650,6125
1553,4125
718,1797
4785,7151
792,1622
1028,1944
1912,4744
524,6752
2020,6329
3401,6887
3737,4788
16,766
3020,6088
3249,6528
1304,4955
3018,5372
2580,6990
1911,6846
907,6652
1741,3839
1776,5683
1210,7011
3039,5935
4364,7280
4646,6476
1882,2422
3957,6692
1792,4511
2908,2988
1016,7297
4309,4453
20,6463
121,5270
3962,7080
1434,3198
972,3450
945,2831
2094,4069
1937,3399
6065,6187
735,7419
1293,3471
1814,4977
5978,7055
2149,4826
5522,7465
7141,7452
131,2451
951,4908
1506,5308
808,6295
1114,3042
1739,7442
2510,7463
5943,6095
3103,6016
5530,5769
3047,3597
2703,7004
3498,4377
3888,5706
2578,5914
3481,4153
1947,7123
1396,2228
3772,4110
5788,6343
1271,2028
1604,6241
3038,6832
1538,5632
3822,4704
5768,7083
32,3136
1599,2194
2891,5553
164,7587
3694,5857
1860,7235
2021,6446
4147,6776
1219,6718
2014,2452
1806,3360
257,3822
3450,7368
674,1779
1464,6206
538,2120
1583,6078
2021,4280
1689,4151
1956,6734
4202,6666
6134,6458
1956,3813
683,2151
133,5265
4811,5782
3305,3684
4671,5781
320,7284
640,1933
502,5335
290,3869
2881,6194
2510,4605
5315,6888
1208,4303
1897,7148
1010,3172
798,3224
3722,4280
4785,5030
2297,2583
1132,3295
3873,5941
204,4183
4651,7028
2056,4309
4408,6101
2297,4811
283,6571
1559,2912
2349,5159
1271,3228
4899,7533
1284,1986
3185,3833
5287,5580
2476,7548
3591,6086
4811,6257
736,2541
1839,3080
1486,2424
380,2055
2299,5065
2191,5676
923,3085
3339,7553
3526,3643
5854,6639
3450,7323
3678,7476
225,1055
5940,6673
6101,6567
68,5600
1506,1749
758,788
3223,3680
32,5676
2953,7315
2713,7332
4938,5094
1457,7214
2326,2734
5378,6427
2734,6326
763,7284
2107,6046
473,5769
900,5421
3826,4337
1942,6158
2876,3108
1984,7370
817,7610
763,4759
647,5121
1831,5079
3520,5572
5058,5999
2271,5043
110,6380
4039,6644
939,4785
4574,5944
3165,7226
2608,4119
3395,6833
3208,3544
3853,6519
2982,4606
2343,6460
1017,6870
5543,5726
3504,7237
2854,7178
1064,3666
329,2468
2201,3367
1792,4636
1197,3736
1579,4811
4949,7078
1936,3807
6552,7237
3725,3977
1207,2591
3039,6617
2086,3745
328,6097
4704,5610
4900,5269
2739,6703
1455,7498
1767,3020
3239,5717
113,5854
1484,6254
587,5580
6493,7053
4532,5011
2420,2745
201,3656
382,7098
1429,6991
484,3095
972,7587
1509,2015
3946,7224
1826,4798
670,6564
6020,7402
2692,3795
766,2396
1556,2510
3530,6674
4480,7002
2878,4843
1500,2591
3410,7231
393,601
572,7199
2580,3850
5600,7565
3008,4128
2319,5053
2412,4919
18,4042
1224,2289
2036,5277
446,854
6312,7194
913,7172
689,3084
7237,7349
4513,5223
6554,7226
647,6568
1706,4757
1150,3636
4757,7282
5216,7368
2229,2566
763,1348
4931,6616
897,5276
161,5278
299,2024
349,5455
1396,7081
1334,3544
3333,7226
4864,5230
378,2238
1752,3520
842,4835
2790,5928
3575,7279
257,652
2838,5318
2510,6542
3181,3994
81,4353
7001,7199
1633,2838
3718,7600
2649,6341
3450,4782
126,3119
6461,7598
674,3108
2424,5001
951,5090
1849,5663
4130,6190
638,706
1937,5988
1410,3267
4707,5894
6013,6330
1506,2229
1793,3366
2289,2458
851,1226
3247,7162
2991,3809
2066,7604
4929,7110
6004,6529
3462,5370
326,4983
1531,6678
1649,5951
299,2840
4886,5623
1850,7141
4636,5909
1447,1934
1830,5514
2864,3470
1883,6642
2319,7552
5065,6969
5929,7435
1057,5754
110,3763
2140,3736
661,4720
2047,3264
3381,5734
3616,5805
3450,7030
4613,7228
4098,5657
1447,1509
1377,5612
2936,3317
3348,4762
1626,5216
5111,5944
336,5501
866,1560
691,1941
1771,4691
3738,5491
3653,7608
374,2913
5314,6876
3725,5220
4381,5962
3822,7015
3701,7012
6529,6808
5768,6445
6538,7054
5370,6456
502,1941
313,1851
6705,7200
4779,6468
3024,7416
936,2605
133,684
5857,6321
4616,5989
3504,4335
3738,7334
6531,6704
3813,6101
3468,3884
290,6633
1447,1876
1973,6002
4086,6891
2876,3644
6016,6776
6509,6586
33,2170
3932,4228
3224,5220
2614,4434
2416,4777
48,3250
9,1795
1776,6047
520,1203
2428,3381
1799,6622
1141,3038
1679,5967
418,4606
923,1800
1775,1995
3318,3811
4900,6219
2984,7295
3450,6955
4693,6163
1455,2761
1239,1996
1136,3831
1902,5047
1129,2452
131,6716
3199,4033
656,5372
2229,6976
3,7089
1271,3038
75,4217
1534,4876
3655,6241
5127,5410
3430,5815
1226,5402
2326,3108
1699,6249
2391,6058
2624,3854
508,2854
2630,2864
3047,4179
3039,4225
2813,6173
1349,6823
718,1349
706,2013
4356,7155
271,4021
3403,7365
3389,7001
1740,7280
554,4785
1272,3518
398,4901
1650,3530
777,2800
2140,5480
3670,6692
932,6791
4455,6074
2329,7089
1270,6124
894,3157
38,7565
944,7012
257,876
1677,2533
3946,4961
4284,4526
2058,6900
2289,7542
3707,6731
231,5807
1083,4994
5700,6843
2229,3137
1677,6544
1677,2637
5401,6519
816,6104
473,4754
5988,7354
632,3615
3068,5201
1663,3341
6891,7575
5778,7592
299,6063
996,4426
1093,5277
4900,5530
2216,5516
4127,4756
1632,4377
4163,5411
2713,6463
1876,7141
1982,2892
1698,6385
4032,7100
1754,4744
1265,2112
1258,5724
7244,7416
4086,5854
3440,6574
4414,7233
6,4405
2799,5322
4637,7593
6931,7091
1724,1938
1887,1974
524,6290
4470,5490
7056,7196
1603,5543
3225,4707
4307,6368
4312,5079
2516,4969
1642,3853
2238,7575
60,4344
3596,7596
2080,2751
6104,7491
2247,6676
2204,5526
2207,3621
1264,6695
524,2933
5463,7274
2433,3897
5372,7365
3927,7014
673,3550
260,5680
2389,7199
2126,4512
2415,4744
4350,5475
4467,4754
1624,4701
1645,3081
637,1325
2644,5327
1989,6253
667,7534
4903,6323
4122,4337
2378,7298
1051,2966
2637,4147
5526,6969
2982,5988
1911,7237
2744,2995
1158,4285
4093,4342
290,2647
3210,5243
579,7228
1434,7284
1500,4309
285,5814
6234,7179
5876,6329
5028,7482
4811,7446
1260,4069
2691,3018
6475,6887
2892,3360
4125,7093
1553,1792
1831,2673
5745,6047
2562,3066
1632,3264
4111,6884
2326,3869
1672,1817
3426,6547
1328,5065
5521,5833
4356,6843
1328,2194
3410,6101
257,3462
2744,6534
6095,6245
4934,7352
3130,4145
1721,5892
1349,2899
5443,6663
2507,6519
2345,3994
187,7565
1455,3706
3379,4157
1254,3137
4886,6194
3077,6335
4033,5259
524,3470
1297,2217
5388,6219
1509,6217
1051,6556
3530,6267
1065,3450
2439,5800
5277,6411
1056,6476
958,3305
406,912
464,3319
329,2391
2864,5108
2586,2998
160,958
4621,7592
1606,1665
5305,7248
504,3450
1135,1328
448,7045
20,1316
1205,1213
2637,6972
2267,6174
2892,7339
743,7398
4807,7279
2036,3822
734,3855
3080,6002
5092,6135
723,5578
2151,6205
410,6846
2069,3550
1689,2623
4875,5893
1509,6321
2707,6621
1057,5836
4257,6562
3016,3722
3183,5660
661,1792
5714,6461
4086,6789
763,2734
2525,5658
2947,3781
1887,5190
3103,5207
1960,6378
904,6512
3047,3251
3139,4012
4271,7252
11,618
2911,5455
2029,2571
2838,5647
1389,1613
2877,7109
4319,4868
1312,5225
4034,7224
378,5510
1980,2456
1017,2571
16,1349
1005,1474
122,4426
2964,6817
4527,5593
1264,2725
1710,4348
4882,7013
1001,5070
3221,4589
1289,1852
3360,4000
3714,4141
2269,4186
2626,5455
49,3038
1795,7133
3385,3998
3045,3599
4520,7237
2238,6108
2821,3983
2740,3897
4452,6506
2818,5334
244,4759
130,3165
3390,6298
1035,6101
452,1521
3942,6782
290,1012
3450,7125
178,7608
2644,5703
3897,4164
1325,7442
822,3716
1291,6427
500,6803
2510,4632
2483,3469
3020,6617
5534,7497
5461,7285
5457,6446
2413,7089
4785,5100
4469,4708
1958,3950
6386,6685
2229,5108
1947,6101
1519,2707
1941,6144
1838,3566
346,2785
4125,5274
1129,6792
4431,7334
3325,3793
2029,4967
133,5787
3341,5405
1973,2422
4790,7188
961,4136
3544,3692
1555,3409
4520,4967
2451,5540
1655,2047
140,4839
3603,4309
1657,3127
1296,2430
2719,3811
4759,6797
2623,3826
524,6565
1488,1878
2988,4261
209,3504
4341,4764
5597,6605
3038,3157
1478,6949
4053,4975
630,6372
1349,2676
6965,7340
2663,7227
252,5355
4298,4726
1524,3518
394,6162
1799,2781
3225,6617
555,7585
5703,6689
2994,4319
2004,3650
671,5836
3946,4337
1107,7338
4163,7087
4640,5879
1834,5303
5454,6782
3095,3450
3569,3731
2085,2933
3266,5790
1017,3544
3312,5277
5578,6622
5139,6934
221,5687
4728,7059
3013,7558
2998,4612
1689,4767
1053,2902
1249,4937
3163,5555
5615,6056
399,3240
1665,5768
3855,6047
5054,7537
1057,5773
2488,6537
1280,6642
110,6810
1005,7068
5658,6823
6706,7353
2566,4846
3864,4434
2835,3399
3184,5127
2995,3285
1724,7365
2705,4121
2186,2238
1832,3313
473,1891
2255,3723
5785,6125
3559,4931
1677,1875
4356,4875
299,2065
2798,6369
7001,7533
2325,4204
1776,5047
5970,7173
1005,1300
5600,7383
607,7162
3857,7121
3461,7090
2430,6468
2609,7595
550,7435
4000,6261
1701,1725
3614,4412
2162,3774
640,2933
4563,5953
3625,3991
3450,7564
3678,7565
1538,5638
1778,3873
3931,4007
4323,6943
599,647
1787,3588
1793,1943
570,6408
2631,3948
474,5872
5110,6274
2798,6142
817,2897
2391,2995
136,5944
1712,5912
2843,6339
1013,4284
2142,2234
1799,7303
3641,7165
3653,5635
725,5920
5753,6630
3792,5058
4981,5162
1471,6134
2265,4904
5097,5222
3370,7044
4375,7538
2623,4151
671,3585
336,7224
3504,5111
828,1789
2274,4260
2759,6759
5876,6378
3725,5670
103,3715
3005,6201
3802,4379
961,7448
2210,5012
3251,3878
2017,3786
5277,5676
95,5610
2228,6235
758,4961
2319,6065
2376,4107
3462,4393
3313,6099
2212,5962
18,2788
3921,6617
6834,7213
5741,7034
3103,3714
2122,3741
290,1891
187,1677
1346,2065
3258,6101
212,5791
4315,5893
6190,6259
3824,5334
1778,4794
1937,3971
1031,4307
4929,7163
634,4426
1665,3341
894,3836
213,7074
1699,5047
1778,5884
999,1787
1937,2265
2031,3240
4296,4388
1267,6603
2083,3397
2234,2289
5501,6621
1752,2510
2510,6071
1688,7286
5079,6607
184,1005
3790,6999
110,4850
1795,4933
70,5048
5217,7423
3773,6470
122,7280
3600,4880
1296,4671
17,1337
1821,2390
3980,7092
806,1351
2798,3597
2837,4277
296,2217
1280,7252
5663,5940
1956,5578
3725,3736
4811,7603
4433,5734
1201,6759
3342,5127
5303,6283
1555,2083
18,6136
4095,4433
1056,2998
3137,4706
2057,6757
4979,7203
4404,5536
2988,5646
654,1011
1661,6058
1077,5110
2892,5334
1171,4486
4212,5127
2589,5837
2955,3281
1298,5936
3701,6642
4455,6273
704,4800
1800,6467
1963,4447
2029,6846
867,4021
1323,7320
3450,6054
2017,5378
2609,7564
1262,1792
110,1850
566,3851
4298,6063
406,3597
4277,6689
2122,5443
2591,2707
2366,5728
2066,5347
1849,6063
2083,4754
1370,6446
259,4470
2676,6446
1678,6351
4594,7013
816,1875
805,5904
291,370
4809,6108
306,3460
403,4006
3544,6296
2308,5761
3536,6887
2730,7468
4653,7489
313,2495
4574,6891
1937,7141
4899,6712
4254,5230
1970,3948
5443,5972
3397,3544
2076,2918
2299,4934
1975,2259
4725,7486
2747,2800
364,2980
2854,4338
410,5944
2056,2195
3504,6398
6001,6184
744,4941
813,4356
1102,4327
3130,7209
1008,5577
989,1897
2659,5324
3430,4330
2151,6797
659,6361
3108,3240
3024,6434
2369,6091
3083,3632
406,3108
2672,3467
2051,5764
928,5706
3087,4719
4003,6017
3901,6062
524,1386
3290,5280
2734,6789
779,5127
222,950
244,1381
3757,6733
701,6912
5576,5687
1937,7319
1107,6417
4289,7587
2341,5044
4785,5650
162,1300
3005,4175
2473,7199
2070,7042
1384,6722
232,1497
3574,6241
3845,6207
287,659
1715,5260
5007,5127
106,4039
407,3774
642,5735
492,3467
612,3571
213,645
1080,6377
2942,7198
1051,4445
3527,5896
1128,3796
2836,3809
566,6174
1222,4863
1834,6180
4152,7458
4117,4943
184,914
611,5190
3977,6460
743,2847
2634,2792
3854,5638
1672,6616
1645,7409
1824,2013
4355,5095
3240,5854
3130,5159
3584,4591
3468,4321
1376,7030
1533,2040
4960,7026
426,6170
5990,7237
5192,6976
4887,7552
2965,6560
4560,4912
5128,6617
2763,6333
2855,3016
2691,7101
1069,1083
1201,6685
1253,7300
1850,3056
1132,5948
3759,4512
2676,4969
297,3039
1643,4934
1792,2991
291,2772
3160,4549
2391,6921
3437,3855
1050,4414
1610,4054
2014,4979
4395,7024
1658,2892
2835,6958
3240,6792
2422,5400
1849,3650
598,2091
743,2980
2473,4042
2915,6688
5857,6565
4725,7166
2045,2289
5274,7228
2057,4544
2229,5505
1328,3472
1427,3345
5769,6343
490,3878
5070,5885
1937,3502
1464,3339
1850,6001
3397,6108
208,313
2317,3819
3400,7237
3052,6120
3127,5755
1879,6886
3544,7237
4955,5342
2755,3285
4192,5369
6797,7621
5479,6797
468,5944
3982,7058
4443,6175
54,5725
3683,3855
2972,5053
2909,4785
18,3163
149,6101
1077,3439
2229,7356
2897,5734
2031,2083
3359,5908
2186,6639
3854,5646
1848,3300
4312,4479
1834,4154
2299,7565
652,7352
3061,6712
4900,6595
1801,6197
2104,4811
1568,7200
5769,6666
3552,7248
758,3042
5355,5988
5578,5689
324,2517
166,3842
4163,7488
1721,4704
3701,6695
2191,3158
3530,4085
3953,4329
956,6417
3173,4301
1134,1963
367,2186
4860,5857
3500,7477
4563,5556
3957,6674
3365,7580
2238,7284
2848,6523
2734,6403
3460,4054
6022,7542
3850,4589
5353,6436
3614,6613
1396,5671
7162,7352
380,6870
4145,5754
4609,6145
2469,6595
5303,5856
3501,4257
2965,5060
3611,5703
1376,1628
5612,6036
2711,4104
5823,6058
49,2072
4376,5095
5120,7389
919,4125
854,3946
1820,5514
4272,6012
3949,7209
512,3182
2998,3045
2860,2944
438,1633
686,2422
2515,6673
2357,7080
3153,4068
178,7224
1376,6390
3777,4499
706,3295
6733,7162
4632,5656
4393,6742
706,7178
721,3103
367,2014
5578,7126
988,7024
32,1020
6379,7334
1804,7013
1265,5150
3776,4785
6361,7247
1481,4599
3987,6617
4995,7078
1591,3548
3022,3317
1854,1875
1946,2290
2515,7569
2515,7587
1486,6251
2775,4163
4309,5526
1792,3856
1384,3411
4759,6912
1320,2835
370,2772
3021,6120
473,6140
4825,6238
5829,6803
1381,3240
4095,4895
2492,6290
2004,6631
524,3118
2947,6538
1974,4106
6621,7224
2005,3993
2591,3612
3097,4999
777,3092
2755,4211
4785,6597
4145,7370
4453,7537
7068,7297
229,2186
1740,5653
68,168
4785,6280
4299,6817
4164,6640
3413,3571
1285,4227
113,2151
1203,5646
854,4561
1548,3994
2791,6077
1407,6538
5232,6060
1559,1945
1008,6969
2854,7035
982,5127
1015,3081
3059,5521
2083,2571
221,3184
2730,4888
2290,2494
1792,4244
1227,3722
557,4452
5651,6130
1348,3240
335,5334
97,6427
204,2650
3423,5714
2960,6392
2017,4715
3430,4577
2444,2769
5261,6267
216,1963
5700,5913
1560,5174
1636,6207
2276,3530
61,2940
1511,7284
5854,7127
3530,4818
3,5943
842,2008
2204,5453
3715,6621
2820,5911
1536,6876
2456,6656
980,1721
2510,6769
5334,5606
2031,7250
5944,7091
3666,5706
1678,2858
2128,4996
59,1693
924,2024
4720,5378
3450,5706
5921,6207
3827,6580
2510,4299
1666,3306
1287,4183
3530,5852
378,2878
5452,6425
2854,3928
3798,5449
4437,6892
5527,5632
4563,6870
951,3408
178,2694
4640,6712
5610,7109
3823,4994
2798,4198
3747,7224
1734,6451
1291,4720
1979,2463
6448,7580
1250,4846
1636,6458
3603,4122
1677,7476
779,7602
2158,5909
1226,7375
277,5601
4175,5491
4106,5127
3450,6724
4632,4925
2229,3103
5703,6403
153,4543
1296,6884
5530,6789
1745,7604
323,5646
1064,6415
1114,3147
1471,3128
38,2637
2699,6955
3077,6028
1354,3715
1945,2707
1017,7237
4544,7215
3039,3650
955,2040
2645,5463
1226,6376
5287,6241
440,6881
2838,3598
2357,4589
1945,5963
1792,3855
2420,5112
4356,7452
729,6273
1005,6056
442,5410
3279,5485
718,4497
543,1633
1447,3591
1560,3336
3530,6874
4728,6812
1647,4475
1291,1792
315,7439
302,6647
2300,6339
4309,4961
5624,5692
1327,2458
1447,1850
4344,6088
5578,6544
4720,6770
1398,6241
3216,3895
2944,5675
3755,6136
82,2809
6925,7036
4448,5371
2160,6587
4920,5294
1072,4253
1850,4606
3991,6853
1835,6944
2349,4034
406,5079
3076,5951
3783,4479
221,2967
3932,5207
5082,7409
4154,4173
1008,1746
3131,5384
3822,5790
720,3189
3038,3042
1090,6888
2718,4580
5674,7237
1005,6424
4520,6236
315,4647
3105,4632
321,1325
2757,3932
2282,4811
5126,6668
3633,7090
4368,4397
1092,2961
1614,1727
498,3334
2734,5548
3381,3807
5099,6459
3240,6369
3240,6036
4758,5405
7106,7188
5823,6888
3526,6461
2673,5462
1496,2060
260,6436
13,4606
3553,6859
3566,6579
6403,7237
3181,7256
1238,4258
5904,7398
471,538
5890,7580
2616,5768
4483,7262
2524,4969
582,6207
3482,6025
2900,3737
98,5625
4000,4393
3400,6794
679,4428
1146,1812
3400,3603
1409,3873
538,6876
2787,4247
5261,7310
543,810
2070,7460
3,272
4699,4886
2397,6505
4330,5065
1380,5253
645,7184
4130,5134
3584,5581
2013,2107
5675,7215
3836,7123
6720,6734
1651,6519
3449,4375
6513,6937
1569,7374
1850,4728
528,7100
3082,4154
1684,2730
1486,3822
5810,6078
1200,2217
3106,4124
3469,3564
827,2829
3251,6219
4031,6252
482,566
1005,5828
520,933
3499,6108
1136,5454
1304,4961
1882,3811
2026,7339
1804,3620
2327,5205
5755,5851
811,6811
271,286
3964,4439
702,3020
4436,5517
3228,5597
2798,5079
1636,3371
245,7135
4729,6241
3809,3856
2422,6339
1020,5224
6033,7205
1509,4931
647,5334
380,5694
2510,7036
2586,6942
4163,7610
2787,4309
5485,6544
4560,4880
4876,6278
6153,6194
3107,5454
1470,6194
3861,4744
2705,4254
1799,5600
3644,5402
846,907
3612,3715
1796,6333
3948,6633
2833,7348
4321,7236
541,2425
521,7050
602,2880
2808,5274
4162,4265
1879,5711
3251,3644
2510,4614
104,4338
2790,7001
3833,5378
1129,2734
32,6709
711,4880
2510,3360
1897,4250
4430,6859
1618,2366
2078,4000
6105,7548
20,4151
3597,6789
2163,6744
746,5540
3181,5391
729,1855
639,1618
1658,3361
854,3853
3912,5673
1016,7068
446,2892
4414,4662
1721,2424
2719,3571
2386,4145
1488,7358
1464,4907
3755,6315
2037,4904
6468,6884
989,7199
244,2029
1602,2039
2910,5706
3440,6575
6110,6567
4389,5756
3916,4132
6088,7376
4106,5696
503,2083
1348,6644
1891,7237
4904,7001
1112,6408
2112,6116
313,3293
538,6408
2199,6616
4387,6724
1383,3818
1553,2132
4952,7397
1907,5922
2498,6506
1088,7024
3653,4309
4114,6665
983,1543
1882,5989
1848,1956
3897,4888
550,1933
2196,5835
3622,4506
1951,5807
6115,7085
2414,7168
524,5988
674,7237
4705,6021
3360,4614
2160,3926
4475,4941
3352,3946
2026,2510
602,5219
4450,7178
1530,6407
3824,5510
3853,6925
2676,6126
1028,6365
628,1376
6639,7202
5178,5962
4914,7325
2,6
33,4814
5706,6657
2892,6490
5126,7351
3450,3533
743,3165
4456,5334
5412,6789
1958,6785
705,3336
5854,7284
1280,5944
593,3584
3830,4085
1344,3120
1130,3948
2589,3758
271,378
2299,3822
852,3701
5578,6339
34,3927
2372,2992
1010,7248
7162,7350
2738,3424
5071,5854
1391,4028
4527,5067
2,562
3576,4206
2707,5501
2029,3544
1005,4994
3786,7256
5159,7036
4671,6228
4073,4910
6669,7609
1726,2854
504,3698
1180,3079
1444,2204
2844,5625
4785,5291
3451,6391
2014,6142
296,1297
1506,6882
1446,5677
959,5245
937,5274
1233,7352
2014,2878
1891,6234
1127,3701
427,7284
3227,5254
436,4239
2212,5872
5274,7595
583,7199
830,6785
2892,5526
2142,5056
1975,5710
2848,6797
1842,3440
1083,5652
4777,5677
4174,6016
1107,1751
4707,5646
2787,3042
1945,2349
2434,6105
1346,3650
1464,5951
520,1384
1034,4021
1275,6022
2835,7406
1246,1409
6201,7334
2313,3340
2713,6840
1960,2424
1678,2151
2707,6280
1764,3600
2276,5862
1792,2385
3953,6367
136,6857
1817,6321
1008,2896
3755,5394
640,4931
4511,4701
1043,2122
2221,7558
3,6940
505,2979
5680,6230
1744,5274
5510,7123
341,6102
1860,5578
3450,4211
1168,4081
2381,3450
1176,7100
113,2262
3258,4631
2961,4846
257,4126
3855,5745
2879,4367
1546,3450
3900,4125
218,4696
2797,7435
5047,5731
1506,4329
6108,6146
17,951
3103,5468
3567,7158
3080,4691
290,6792
1496,2941
1549,5871
2212,3564
1494,6767
3047,3294
2993,3972
110,1817
2505,3792
449,524
671,2886
343,3598
1611,3743
3521,6255
5132,5347
2996,4329
2638,4759
1312,1530
980,1022
68,6972
2591,4561
2122,5233
2706,5254
5015,7339
563,2510
221,5425
2164,5457
1852,6110
1275,1756
2805,3279
5326,6519
1444,4309
2791,6870
2157,5410
400,3948
831,4786
410,6639
1262,4916
1677,7435
3850,6990
212,2289
3194,3335
1891,6930
5443,7223
1904,3520
3282,7334
136,1381
4385,7251
5832,6357
2511,6022
6077,7237
2347,3138
3853,4614
3001,7605
6074,7516
989,5611
4253,5006
3017,7557
2787,2892
4756,7029
2140,2994
848,2140
1792,5243
3140,7162
5828,7029
378,4809
4994,6567
45,865
1555,3504
1721,2191
4340,4561
1425,3846
1126,6165
1912,4705
5183,7470
1115,5200
6201,6233
1352,1576
5577,6903
3766,6217
2753,7148
4414,7098
4242,6105
4527,4531
473,5788
1980,6487
607,6378
4273,6309
75,6154
543,5346
3757,6964
1844,6538
175,5153
1715,6116
662,3103
3743,6654
524,2884
550,5544
667,3079
6101,6509
2443,3581
5220,6096
3597,6639
4246,6884
6424,6983
933,1898
1675,5152
418,866
1925,3836
1223,1817
152,6712
5274,5528
2912,4999
4042,5646
6507,7179
4008,7296
1792,3006
1230,2122
1849,4387
307,6991
6463,7214
6990,7100
5823,6046
71,3994
5693,6338
3499,3544
483,2477
6273,6800
3755,4275
5090,5121
3368,3460
181,7531
2626,6544
933,4466
1850,2037
4256,6475
4146,5892
2910,3277
6374,6442
1497,3184
610,758
2644,3240
223,4895
112,7385
3589,5517
2127,6002
4606,7059
1334,7075
5194,5625
3618,4821
2425,5646
567,3878
2356,7403
3679,6860
4106,4319
298,3435
422,1657
2752,6238
3533,4163
1468,4455
4602,6241
803,4996
330,1404
104,1533
556,5020
1334,3251
5410,6943
1362,1795
887,3042
2424,5876
2870,6326
3330,4475
2609,5543
3544,6792
2124,6133
1349,2751
3930,7597
1795,5361
2347,2991
1275,2289
2359,4969
2863,3855
3603,5220
4217,5637
3181,5726
2233,2707
3514,6625
2037,3324
1452,5686
3955,4941
151,524
520,5128
3995,5308
110,2308
1444,1701
4929,5371
2039,5851
647,3360
2042,7521
1226,1891
2083,6789
6241,7483
4918,5362
1558,5578
4039,5418
3450,4206
2725,5090
951,1348
7014,7604
2838,4164
5411,6315
1384,7600
3957,7032
4756,5449
1705,1839
5463,5725
5194,6562
951,2476
2751,4280
524,1937
2075,4785
1799,2396
763,3756
5463,7383
2782,6671
5610,5676
2345,3692
3886,3977
4109,4329
5543,7381
131,1833
5222,5252
3945,6316
2078,3705
640,1699
2897,4536
1026,2647
2892,5670
3,6095
4146,4676
543,2041
973,4941
2389,2617
711,1376
3480,4900
524,5575
2347,4657
3103,3852
4743,6101
282,3459
1799,6446
1849,4049
5378,6991
6478,6919
935,6408
2899,4455
4666,6712
6790,7600
2323,6685
2195,5461
47,5314
1749,5346
2408,3520
2381,6840
3786,7489
1229,7255
3227,6235
2107,7089
2518,5578
5308,5867
3247,3786
5578,5658
1417,6217
454,630
5174,6752
2267,4666
928,7028
545,1423
805,5769
4728,6073
2424,3247
1381,4563
3755,4286
2626,6446
5159,6330
876,1166
15,5274
494,4232
1933,6074
1817,4931
3048,4338
2674,2962
1925,3361
1869,4304
2391,7434
329,2995
591,2414
1006,3544
1960,5832
4345,6676
4476,6160
1316,6851
1334,1947
900,2814
1132,5931
4811,6588
1881,2663
1721,1746
2629,7607
4551,6621
6248,6478
3423,7598
431,3350
3845,5454
2029,3597
1933,3557
3530,5550
1891,2083
3544,7226
2028,7421
5455,5916
5011,6879
3977,6881
2300,2751
3854,4466
1531,3038
1102,3571
2654,5816
3437,5206
4671,5587
5646,7079
520,7600
1897,6341
3822,7352
280,3602
3221,3435
5876,7352
3136,5832
717,5110
1346,3039
3032,5866
2122,2300
951,2734
1795,4805
5127,7030
4033,4600
1234,2024
4809,6789
4676,5843
2067,3587
2556,3327
3641,4130
5218,5334
1817,4964
6483,7158
2213,3240
2371,4184
5902,7307
1262,6480
3279,4141
2707,5461
1987,2160
3337,7237
375,4738
567,3708
3095,4502
2562,3966
3450,5216
1795,4515
763,5403
732,7409
1126,3942
5314,6852
2978,4095
3554,6323
4280,5578
4328,5745
2596,5159
3948,6168
6684,7030
3127,5764
750,3855
2051,3127
3346,4992
1258,3574
175,7118
6049,6463
1635,2056
5770,6890
2823,3530
3181,4511
4917,5568
4656,6617
111,1222
4726,5920
4051,5008
4719,5856
4131,5578
3079,3382
2854,4411
3853,5168
3606,6420
2973,4291
3181,6174
2347,3129
1457,4876
6168,6789
429,1569
1806,4554
3530,5935
559,2011
1147,1665
6672,7416
7187,7237
3766,4931
1312,2376
3650,4298
5431,6912
4994,7383
7224,7339
1876,2976
29,2838
2938,4374
3240,6789
2390,2798
502,2349
3016,6367
739,3392
374,833
4007,5028
452,3321
47,6458
998,6201
694,3636
3075,6004
2746,7246
2540,5531
1150,6101
2347,5847
1005,2164
4257,4864
5450,5516
3105,6621
976,4085
1187,6350
380,3264
5949,6562
4029,4718
6630,7225
1005,7131
5167,6572
6645,6687
1293,7187
212,228
6202,7489
618,6523
1474,5359
3966,7412
663,5751
2083,5548
5128,7573
3862,6306
43,2893
149,2300
1488,4172
2751,6446
4735,6843
1118,4929
160,4880
1271,4337
4452,5948
2272,6166
1685,6672
1633,2730
209,6639
3919,5817
852,2798
3123,6368
5455,6446
1275,2854
110,2615
1905,5578
1312,4788
1680,2854
2278,3845
6054,7595
2300,6200
3181,6441
1474,6129
2725,5402
1650,4211
3430,7350
2848,5536
27,3565
5981,6564
54,2420
3470,5163
1875,7612
418,1937
4452,5883
1348,7075
982,3450
4701,6207
3967,7331
3705,5454
1312,5507
1725,2204
1004,3544
4981,6544
1587,3526
484,3530
4916,7488
3120,5765
3107,3942
4221,4868
1613,6857
2711,7475
1887,3317
4359,5676
1626,3829
6219,6633
185,3732
1427,5106
2060,4607
2129,3840
1665,2591
1102,7584
4187,5662
315,4524
1968,3156
311,799
894,4350
2876,7237
1025,2158
3397,4908
1271,3853
1792,3181
1606,3612
3108,4754
5111,6689
3082,4384
2481,3308
1633,3897
3687,5278
710,3935
654,5314
406,1555
6818,7141
5598,5823
6190,6836
3798,6802
2159,3502
2217,3446
1074,3397
4881,5454
5106,6416
5058,6508
3599,6155
113,290
6241,6481
4378,5334
1351,5687
1850,3213
630,5707
550,6479
5815,6575
5132,6167
5095,5848
809,7409
1958,2308
41,6287
916,1057
5740,6676
2385,3632
3373,6564
496,4817
6141,7237
3403,6660
167,5968
4785,7535
2107,2641
112,982
2725,4809
3593,7502
361,3350
2995,3216
2840,4125
1849,5274
5200,7517
2747,6362
550,5455
2982,7001
1225,4929
5048,7209
1337,6105
212,5293
5857,6217
2056,3845
2648,7237
406,3544
290,7517
277,660
4348,6937
801,1555
368,3080
3585,6269
2305,6597
3636,6604
4036,4101
1312,2578
349,2676
5231,5951
3098,5037
1057,5580
4678,6938
1216,2707
3214,3798
976,6530
3499,4843
2289,6592
3182,3325
1744,4836
1831,3644
2615,2709
708,6914
5109,7233
3533,4782
1132,2108
4356,6264
2322,5526
1989,3048
5676,7374
20,2689
3755,4095
2515,3184
3315,7274
1300,5344
4979,5479
2614,6152
1855,2021
1293,2452
3544,7566
3400,7224
5534,6315
645,3410
5933,7172
763,4086
2391,3698
711,5611
2229,2420
900,3921
275,6160
3754,7527
611,6899
2863,7159
504,6648
2609,5454
964,3873
6134,6419
213,5725
2189,3346
5245,5964
1796,6359
2234,7333
5127,6987
2236,4880
469,4064
1439,4591
640,6047
2171,4811
3530,3589
379,3530
3410,4162
3512,6476
3020,6436
1665,4350
3108,3644
2892,3747
1262,6427
3282,7405
4947,7001
1817,6616
2899,5463
484,2155
2015,2615
2083,6891
2328,3127
729,5463
6229,6441
1695,2844
1850,4125
4248,4654
1472,3462
6872,6954
4086,4377
2951,7110
1206,4204
2124,2205
1856,5949
54,5578
5610,6172
1531,2887
3960,7110
891,5962
1789,3809
2835,4893
2051,3810
1005,5485
1011,1462
2385,4657
2734,6391
1613,4900
1506,5396
1868,4452
4779,6520
2366,4593
1799,5908
4786,7485
2628,3399
2864,4985
1441,3711
4092,6234
4625,6817
3381,5663
3530,4452
3986,4532
2854,7305
1193,3284
1107,4189
1297,6528
4251,7243
93,662
2584,2757
4882,5725
429,6964
5793,7007
2819,7032
2107,5823
3039,5701
798,6925
1222,2475
212,6696
3483,7464
2734,3397
5463,6273
2707,7246
226,5203
844,7363
1346,6973
3088,4432
5963,6519
4809,7226
6094,7525
705,6298
4775,5665
1945,4296
3294,6552
2510,4000
2878,5944
1973,2420
3165,4754
106,4338
3402,6912
6147,6398
3450,4685
3400,4034
618,1946
1948,6859
4338,6887
980,3998
1626,2744
4147,7225
6519,6656
5431,6697
2050,5264
3453,3859
763,4843
4931,6073
2357,6813
4316,6415
5111,6639
3715,4607
1280,1947
4864,5595
110,5242
6176,7327
6710,6859
2571,5090
3544,3611
1799,1905
2658,7597
53,6572
4129,7339
6054,7526
54,4147
2805,2995
2738,6964
6652,7468
3504,4908
3213,5575
933,1538
1932,6459
104,4236
1878,4162
471,1792
3530,6935
1068,1671
4374,5927
3803,7030
131,6323
187,6047
1560,5988
4851,7517
1265,1715
2128,7314
945,1133
4053,5842
2152,2391
1349,5466
2998,4544
3197,7032
1721,5520
3756,7237
4701,4842
5178,6510
1334,2571
2571,5944
671,5754
333,1784
1495,7527
380,4900
1354,3986
2186,2403
3080,6016
1105,5364
1796,5946
3737,4047
3165,6792
226,5285
454,6259
1348,7284
2196,3618
5815,5876
3948,4945
14,3086
896,1849
4206,4673
2015,7141
3681,7237
2276,3086
1000,4257
4676,5314
6108,7237
5134,7086
1610,7046
3213,5988
1804,4969
4579,6765
1879,2552
1642,3495
1232,6458
4960,6267
2713,4125
2381,7595
5290,6045
1381,6931
1756,6022
469,4335
3580,5222
6046,6503
360,2083
71,1611
2002,6310
1150,6859
6617,7600
2045,3096
2476,5556
2334,4078
1306,3130
3920,7334
3338,3597
2037,2835
2798,2949
898,1213
1871,5753
4146,5682
78,1642
951,3537
4946,6010
5065,7607
290,4900
3020,3820
1981,4893
4883,5556
1651,4785
3108,7398
3661,4006
1632,2685
3561,6115
2510,5212
1648,3277
5382,6176
139,6664
5043,6855
5116,5117
3305,6927
2037,4860
17,3165
894,4309
599,6101
1915,3881
4986,5966
1958,2266
45,3527
704,4900
3600,3829
1274,3405
2836,6207
82,3745
3341,4034
290,6857
2423,6506
2668,3766
1280,2685
634,958
1793,2955
1156,3950
582,5921
4243,6222
54,1469
5206,5610
4672,7316
7289,7339
4245,4469
1186,5988
1937,6752
1642,7492
4373,6318
290,1524
3738,7230
1202,4406
3437,3440
1933,2835
1388,6527
3946,4990
1792,3847
5369,5370
2347,3809
2391,5687
2944,3005
5851,6416
266,1011
2858,3264
5278,6547
6562,6919
757,4978
1618,4321
5706,6683
5369,7541
2639,6617
31,1457
2889,3103
2386,5727
799,5582
1384,2705
524,2015
2,1492
6391,7414
4785,6621
5479,6236
1271,5200
74,3035
2251,4719
835,3550
3411,4880
958,4753
2742,4682
1376,4811
2571,6644
3659,3961
3454,5783
2044,6891
1613,2186
2775,5862
3073,5065
798,4549
563,1658
1622,5343
6458,7256
1102,7080
7087,7526
1051,2337
1140,2892
4720,6427
4900,4901
956,1107
3103,5578
1933,7406
169,4305
600,7227
2844,7028
4338,4621
3339,6984
763,4979
3399,6175
2676,3410
2480,3198
3597,7284
4364,5198
4228,4472
5598,7228
908,1862
97,4657
1297,6538
4254,6919
3891,4705
1793,6693
3510,5564
4759,7621
585,4505
3852,6544
2201,4312
4330,5500
524,3694
1873,5203
2802,6769
3584,7299
278,4275
3852,5485
2858,6193
2096,4329
1445,7199
1875,5095
883,2916
1985,2983
3166,5561
3498,4809
2956,7498
1012,1074
1980,5335
3352,7123
4809,5090
2427,2707
1658,2510
142,2541
1391,5878
708,1253
3678,6249
2996,6175
4335,4351
655,933
2530,6101
290,3333
827,3530
1645,1920
1074,3334
5454,6359
4152,4221
2614,6958
3502,5731
3461,3544
212,7417
1940,2813
524,4893
1161,1627
498,2798
2075,5044
2155,5555
130,7199
2586,7334
2037,2492
7505,7579
2750,4039
1849,2799
1384,5751
1665,3826
679,4153
504,5127
369,6362
728,2995
758,1701
2835,7533
2791,6326
364,5062
2985,4676
685,1127
3331,5410
3845,5378
1677,6002
2448,5369
1875,6110
1850,6959
1113,7080
56,1457
4754,4919
633,1945
1107,7054
1137,2217
2959,6979
666,4650
4453,5966
763,1555
3774,5346
415,2854
2955,6597
3410,4710
1645,1678
1945,2256
2921,5068
438,2711
2255,2757
451,6354
641,5089
1630,1830
6907,7199
223,5534
4181,7573
5168,5526
3360,5606
1848,4460
360,3240
979,2983
1036,6977
5540,6339
2892,4554
1624,4438
101,4211
6219,6695
1804,4110
519,4098
1699,1902
380,1831
2259,6219
2504,6933
998,3564
1409,5454
4160,5910
1875,4700
1134,6416
3694,5988
4414,5667
763,3165
117,3800
1253,6675
1274,2452
260,6112
918,2039
3381,6673
607,3136
4707,6572
4184,7355
4430,7450
378,3165
3096,5285
1005,5867
3905,4465
4491,6016
4657,5029
1068,2707
222,4387
6899,7580
3119,6874
5376,5578
1956,2295
1678,5063
3510,3597
1509,1937
1536,3006
2150,3584
2791,5582
3555,5052
1509,1627
830,1937
4720,5993
85,5643
3039,4811
3400,4961
1381,1998
3961,6789
2730,6640
2305,5343
1039,5079
2832,6566
1795,5304
222,3039
3670,4775
471,6207
1092,7024
602,3844
3216,4163
2707,4238
5993,6427
16,1905
4141,6323
645,3858
159,6200
813,5355
2099,6330
151,1850
6567,7612
1056,5872
380,3251
1831,2734
2099,4785
360,3544
346,4397
4053,7459
1180,7534
524,7560
1005,5783
742,2201
2576,6687
1941,2507
78,3520
2197,5985
1327,2947
2924,5540
960,4506
3953,4806
329,4880
1920,6036
2798,6234
443,3642
3545,6754
1792,3845
3599,3926
1164,3321
2617,3349
5479,6146
1519,5099
3422,4308
4671,5075
6493,7597
290,1393
894,7224
232,3342
6439,7598
3582,6180
380,5454
1334,4754
5857,6546
4126,7015
3358,5851
6564,7561
3804,6446
3224,6762
1677,4931
7,177
3853,7498
2482,5543
178,6096
567,1565
7277,7398
290,5822
711,3450
3450,5625
4880,5404
2931,5899
828,1792
3014,7226
2470,4992
2787,6003
2119,7079
1126,6991
715,3961
1615,7094
2615,4931
1025,2191
3855,5790
1381,2878
286,2980
611,1783
2452,3597
1849,4216
1792,6876
1464,4691
314,1799
4553,6310
911,6163
1919,3460
1647,3330
524,7141
1608,3807
2020,4146
1538,1898
3375,4279
758,7090
645,6622
1107,2217
2787,3121
881,4635
122,6486
2014,3597
1991,4032
1562,7237
3786,3833
2259,5979
4255,6864
3701,4813
3240,4086
5423,7483
290,2083
1939,6775
4981,6126
500,2798
1488,7260
2178,4039
1849,3630
1917,5960
866,7001
4126,7162
1688,6160
4968,6175
3158,5065
1300,5448
3555,7339
1705,6101
2591,3130
1625,1741
866,1933
3811,4356
440,5384
1271,5168
3341,4915
1162,3450
793,3042
3342,3505
3056,5988
3530,3991
543,846
7226,7606
1933,2492
2725,5530
3833,6408
645,5640
1310,4452
1065,3854
58,7411
2886,5836
3565,5600
3118,6712
498,2225
2036,7015
3240,4843
1546,6673
1497,3895
2143,2618
4280,7416
1915,3907
5857,6455
1280,1293
1698,5591
2879,7094
4075,4515
1349,1506
5414,6958
3504,4754
4916,5391
4785,6837
2711,6640
429,3594
1699,1958
112,5216
1290,6734
2652,6916
1555,5769
982,1571
1725,3042
488,3264
4033,6235
480,6822
212,6022
3701,5564
3653,7083
4335,5703
3624,7063
3554,3595
4183,4284
193,2475
3653,4900
3080,3726
209,410
3819,7387
5578,6016
980,7031
645,2524
67,4777
2846,5944
1956,7491
2663,7215
1761,5203
4019,6768
3418,5914
349,1005
469,2186
2361,2846
1001,5769
989,7482
2149,5229
1334,5124
4785,5343
3151,5335
2180,6276
2145,3096
2451,7416
3282,6379
285,601
3108,3597
5124,6870
280,6027
1381,6870
16,6126
4287,4338
743,1555
2207,3961
4908,5114
2317,3725
2566,4786
2982,6958
2614,4931
5623,6360
5274,7610
1035,4399
1674,4843
3064,6121
1005,3699
3672,4124
5725,6446
989,5592
584,3374
2586,6379
123,7580
4783,5493
4125,5678
3530,5410
54,4572
1707,5117
3518,6654
645,5308
1850,3377
504,3530
3391,3853
2522,6467
3182,7153
3620,5396
2637,5783
858,2694
2832,2972
1954,7374
1685,5658
335,2456
1031,5370
951,5556
3708,4321
3103,7001
1281,7498
1293,7237
427,2724
3597,7075
3360,5670
418,5857
2543,4045
5124,5402
2091,2930
4212,7057
269,438
733,2854
872,4811
2921,4756
1785,4112
3240,4681
2510,4112
1465,2398
4042,4762
4994,6968
6062,6126
3081,3594
3932,4376
1384,3530
2020,4024
4936,5578
2122,3680
1806,4955
2238,2316
3418,7228
1509,7141
2583,5557
1384,6547
524,3448
3876,4270
2707,3130
6120,7132
1610,5215
794,1791
1032,1193
951,2876
3530,6118
1747,1848
2972,6593
2177,2315
3450,6334
2229,2961
3571,7001
3150,5006
2216,3321
306,5277
1280,2791
3833,7489
667,6636
4802,5207
6643,6853
5680,6856
972,2729
5072,5514
4979,6146
2571,3397
3469,6476
110,4931
2081,4710
307,4146
212,6538
244,1017
11,4919
2217,2289
4368,5981
435,5543
6613,7284
1271,7563
1043,1902
1193,2514
2814,6168
2906,5832
1522,4444
3813,7235
1486,7015
3948,4118
1991,7038
1150,2281
1317,3956
6152,7043
6163,6816
4649,6179
113,5644
4365,4575
212,2605
2834,3553
1373,3614
1216,4587
2727,4329
4941,5933
6642,6912
958,6724
659,6398
2050,7170
1718,2177
938,6263
2560,5127
221,5110
1808,6759
1118,5371
3338,6789
3563,4811
524,4931
4979,6234
4507,7237
550,6446
4375,7336
1806,3038
4418,7141
2855,6903
1544,6748
600,2160
7475,7579
5402,5759
1821,5596
410,743
881,6796
2083,5769
3738,4065
3921,7545
2120,4243
619,2897
840,1963
2261,3530
798,1340
396,2066
3820,5744
5369,6142
1833,6544
3651,6740
2476,2878
5674,5822
144,6511
2994,5464
1902,2370
246,6441
706,7089
114,3251
2229,4147
378,2014
1862,2798
2061,4676
3612,7352
4818,6181
2132,6359
3614,4267
1153,4868
1293,4563
2798,5934
1875,2626
4208,4243
1164,2216
1879,5658
441,7238
1784,2719
2422,3722
1189,6734
2707,5200
710,7295
1410,6745
5514,6101
3103,3722
1348,2854
2630,2669
7100,7427
1057,5287
1555,6343
3920,6814
5095,5396
1657,4019
310,1529
5053,7162
3450,4874
2196,4257
3335,3511
5207,6129
1447,3056
1397,2239
102,3544
2899,5455
5043,6985
290,3218
2299,4146
17,6105
6419,6967
471,6202
3853,7224
5968,6941
1005,4091
187,2996
6635,6888
3751,5847
904,6515
2711,7287
1937,1958
805,5674
2356,7122
436,1993
4811,6526
838,6168
131,1005
226,6729
212,7054
4951,7100
8,1686
5060,5715
1223,2790
3995,7383
1956,5908
2299,7002
4126,4330
2470,4356
3316,5857
1413,5468
47,3845
1108,2798
2132,5890
7403,7522
400,4198
1887,4466
5773,6241
38,3794
2826,4931
5308,6544
2902,5855
2271,2532
1975,3130
4647,6600
1968,6950
2740,4164
1692,6591
1611,4737
6071,6690
2015,3591
4387,7487
358,5416
18,4085
5988,7064
6105,7237
2725,5146
622,3703
5155,5197
763,3613
3873,4206
2615,5575
1721,4330
1642,4632
5308,5485
30,2644
524,2267
4583,4842
781,2599
3282,5188
2289,5791
1394,6886
485,3766
2521,4957
5683,6810
234,4335
4212,5190
1960,3136
538,6991
1103,2750
4575,6683
1114,1999
4013,6142
290,7349
5449,5463
5680,5863
4662,7233
522,4338
1353,5746
110,2976
3345,5764
3471,4754
3334,5854
4260,5131
1061,6704
212,904
5380,6860
3757,6378
686,3339
6457,6521
5127,5274
5892,6770
537,1282
1340,2008
2162,5346
487,2298
2755,6648
3653,7266
1168,4051
1548,1899
3971,7406
6214,7178
184,6586
289,3755
504,4163
1694,4872
110,5612
1794,3336
3910,5543
2289,6022
3571,6783
2160,6757
524,2266
4790,5299
1007,7460
3047,6552
3056,5893
7123,7563
5394,6530
177,436
2897,5636
1725,2250
343,846
1230,7573
418,4931
667,6180
6888,6987
3322,7237
426,3807
4085,5167
3380,7053
2424,5577
1728,5734
2552,5242
2246,3620
3361,5526
5251,5623
222,958
3240,7075
1132,2391
2817,7327
4393,7544
1937,3864
3597,6108
4941,4956
3672,6842
3571,6016
4317,5503
4303,7409
3678,6074
2451,3223
3650,6888
1982,3747
6393,7180
540,5700
3397,5090
1338,1521
842,7273
705,3399
2386,6668
3056,4931
266,1292
290,3592
252,5857
505,3103
2511,5933
290,2326
2207,5082
5091,6803
2299,3855
3486,4338
1137,3781
1285,6112
4707,6562
1096,6741
2266,6217
3932,7553
2892,4309
3225,7528
2381,3453
5065,6346
1546,3381
7080,7584
1674,5427
1328,4702
301,1226
4748,7270
1710,2599
2637,4503
2427,3949
1938,4368
519,6477
4809,7072
3697,7162
1058,2562
2321,7478
716,3993
2591,5905
6190,7009
135,5526
1281,7608
2290,5944
3584,7060
1525,4692
543,7468
296,448
691,3959
1509,7536
6845,7352
2961,7084
1243,2291
2455,5373
2744,7254
1168,4811
433,6149
4359,5736
598,667
5110,7504
641,2182
6126,6424
3,4433
3169,4929
4773,5845
3382,4558
667,6941
3450,6540
45,3912
1626,3285
5370,6808
1137,7338
3381,7366
2972,6134
3055,6478
65,2916
794,3181
1849,4007
4758,6490
413,5909
1921,5091
471,5378
187,2519
3430,6312
1349,3842
3835,4994
1887,5707
757,3798
747,4704
1734,7008
1095,3173
2494,4030
5103,6970
3599,6476
2093,4502
5534,6505
95,3757
381,6587
3571,7080
1349,5578
582,1792
6421,6920
1838,3047
3530,4504
2734,3869
2095,4095
3103,4280
5282,6361
4709,7569
1642,4925
5236,6642
2473,4316
378,5090
805,3338
3530,6955
517,1372
104,1296
3381,6638
2160,3045
2415,4476
1260,4843
2626,6317
4908,5568
3377,3557
1376,3652
5102,5909
594,6575
105,6022
1402,7569
63,4166
1538,3854
2160,3599
2127,3470
2880,6246
2056,5728
1164,4929
2620,2710
5549,6267
1015,2670
1372,3387
417,6105
4934,6411
1559,1606
2191,2906
1554,2422
4175,4381
1875,4624
2306,3975
1798,4432
100,5361
3017,7322
4876,4880
4986,5335
2280,7409
2492,6818
1405,2854
645,4141
6108,7425
1334,7398
2275,4839
4555,6190
184,3080
1137,2947
1786,4906
5694,7460
3766,6812
2676,6424
4600,5671
2854,4392
3239,3862
2798,7547
953,7463
1081,1794
5582,5769
1927,6186
13,1509
3722,5578
6827,7080
3342,3873
3039,3450
4734,6878
5127,5919
524,3056
3,2013
2191,7581
3139,3710
3666,7205
2980,6891
1677,6110
2600,4337
5381,6501
5144,5663
2175,6040
3210,4657
5856,6691
1639,6716
1274,6618
3584,4691
1849,2773
1938,6564
5790,7162
2626,5308
360,4919
1381,3701
2615,7141
842,2510
167,6256
139,2675
4137,6738
1521,5516
374,1778
4876,6125
1687,2900
1180,2660
169,2735
1320,4904
6398,7284
213,550
985,5335
2096,2183
1508,2122
2035,2504
1554,6015
1009,1250
4788,5274
1057,3574
3614,6851
4392,6022
5612,6875
381,7405
3231,5224
793,4000
1665,2507
1285,2108
427,6140
2347,5420
508,2897
13,110
3450,3910
4381,5875
3070,4760
226,3446
1043,2401
5301,5595
16,5578
1495,5319
2156,4671
2337,2966
4356,7237
3189,4726
1150,7235
2216,5305
4996,6451
694,3823
965,6325
4128,5226
1570,7595
6327,6432
2093,2744
1536,3632
2745,2961
2391,4319
2216,2654
1334,5388
969,5643
4212,5935
3379,5476
1385,4063
253,550
4330,5610
3286,5151
4337,5579
1689,2608
3038,5326
2814,3097
2195,7352
832,2840
1689,4561
1264,4353
4036,5454
4967,6633
5370,7380
5390,5456
110,7536
1041,2854
2031,7226
849,4078
516,4593
3595,6323
550,5640
3081,4891
607,2896
3557,4931
2510,7273
3670,5158
2020,2659
983,4900
7162,7581
1207,5218
3162,4000
1737,6269
3695,4632
2265,2835
1017,1348
6140,6891
3300,6672
4248,6763
1312,1818
4612,7334
4469,5817
3663,3907
1999,2517
2745,3080
3863,3907
2289,7255
2329,5960
3610,3700
3103,4248
738,6342
204,5078
4240,5111
1037,4555
3469,5491
241,3344
427,851
3331,6809
6023,6182
1596,6197
1207,6519
3766,5612
1265,4348
2695,4028
1896,2960
149,1043
998,2998
1593,7540
5353,6935
3832,5557
4033,7163
4166,6221
630,3418
1837,6241
4375,5919
609,7500
4248,4968
3368,3440
731,6547
1488,4196
821,4033
4880,6847
6712,7001
1954,5065
600,3584
1812,5162
2224,3667
920,1005
1347,2864
1752,6094
705,1937
398,1861
999,5095
1546,7569
4021,5703
1799,5351
1065,6973
1506,2368
1147,4561
2474,5650
151,1934
82,2086
3370,4490
3399,3678
503,5688
4079,4620
341,3530
3200,3670
290,2734
810,7579
5065,6964
3361,5597
5127,5734
6101,7235
346,2232
5764,6911
802,7032
1724,5623
1312,1329
4759,4967
2892,3990
6001,6712
4730,6481
5713,7379
645,5615
683,800
1891,3145
743,2326
2980,7507
5463,7029
4887,6637
1721,5676
1386,5414
6126,6446
2265,3056
2196,5595
3686,4735
4119,4614
4908,6403
3544,4240
1665,2509
4860,5756
5872,6476
4383,4696
2259,6621
2141,6096
2083,6695
1803,6194
4993,5068
288,1875
1496,1622
524,830
3423,5253
3016,5233
907,3598
3093,4563
5047,7406
1887,3987
930,5360
110,1560
1673,7516
3086,6438
3242,5842
936,1107
683,1846
1359,3327
1689,3341
4327,6078
2864,7225
907,6662
6150,7335
2707,4925
1304,2197
6125,6724
1115,2474
524,6862
3581,3755
1019,6387
3330,4341
5324,7162
5529,7128
326,3928
2614,4728
5386,7004
661,3833
3597,6391
885,3399
2347,3093
3737,3807
367,4900
2884,2933
936,1859
4042,5682
2734,7226
2376,3751
1567,7404
3103,4162
1316,2892
2637,6567
1150,2451
974,1328
5578,5906
2385,3809
1146,3419
469,2361
5443,6074
3751,5127
3805,5036
3845,6876
3807,4298
6101,6812
2798,6797
2481,6712
474,3564
3932,6179
718,6317
3360,4763
5569,7488
228,879
4490,5274
1001,7237
1168,3225
4884,5461
2092,4811
5378,6419
3994,4916
901,3538
98,4106
5433,5978
3359,7331
4943,5877
2385,4451
6724,7308
49,3361
4899,6092
1852,1875
2832,4146
7143,7568
4941,6868
2939,3969
4453,5044
1329,3686
1861,6430
903,933
1699,4931
2543,3240
3734,6716
3318,3663
850,7482
6347,7565
667,3582
758,3360
1130,3594
1806,3042
3822,4934
1555,3896
2304,4042
783,4693
4033,7009
3391,7437
2024,6891
1812,5646
1173,2998
2781,6323
191,6891
2142,4005
4412,7414
645,1542
1396,4600
1304,3503
1116,6969
342,667
616,3888
1439,1882
484,574
6073,6959
56,4128
397,5956
1384,4514
68,6718
2045,5781
2401,6047
1165,1230
2265,5355
5664,7472
213,1005
1937,5857
2897,5098
3968,6870
6214,6293
5482,7346
3084,3496
2151,6048
6352,7162
3269,7498
2826,4728
2794,7232
6445,6883
4256,6890
2939,5265
378,6146
2021,2617
566,3542
3894,7381
3038,4393
1816,1897
4580,7555
925,7256
5402,5530
2387,6289
2054,4356
521,7162
4165,5316
2614,2789
5132,5178
3502,7565
2495,6145
254,1439
793,2063
5688,6142
1005,6111
4549,5526
2458,6887
1179,1275
2907,5642
530,4595
2199,6092
440,3977
1848,3678
1779,6142
5430,6566
3642,3670
6891,7548
3035,3966
3999,6278
1267,3933
3428,5270
3632,4478
2160,3857
2582,3833
4433,6046
958,3060
1792,7482
184,6446
5866,7237
3028,3900
3701,5822
1645,7237
3086,7602
1851,1959
228,2217
2083,5530
4765,7618
4042,6431
13,3557
44,7226
5460,7565
2705,3873
1652,3853
2316,4135
1838,6552
907,7468
347,980
2438,6200
936,1872
4595,7416
1622,2366
793,6094
4895,5139
6259,6836
3355,6208
376,634
1524,1846
619,5127
538,2193
1891,2666
5720,7395
1647,2337
980,6709
6805,7011
830,6712
3038,4961
296,7551
2586,3599
244,5556
101,7010
2232,4368
5564,6553
1853,2358
216,2328
524,6321
798,2028
104,6887
4544,5675
2994,6599
5139,7103
1945,1975
4277,4584
1271,2313
1350,5646
2676,5828
1677,6446
2776,5060
2838,4888
2597,4271
2368,2617
1846,6654
6234,6507
4059,6514
2864,4491
751,6654
2008,2197
306,6222
6459,6492
3224,3768
951,3244
2854,5454
4078,7359
674,1171
2091,2304
4570,7095
1991,6972
550,2751
1672,3766
4666,4931
1854,3454
4039,4843
3602,7352
5598,6046
858,2510
406,4843
3516,6284
1131,2744
2314,5127
1714,6491
1614,6008
3397,5530
3612,6487
